0.000000000000000000e+00,-1.399966120852508267e-02,-2.799932241705016187e-02,-1.608023000766923838e+00,-3.108797501626924670e-02,8.000000000000000000e+00,0.000000000000000000e+00
1.995695258203740163e-01,1.854089961943080900e-01,-5.016212580013441197e-02,-1.620843662262045015e+00,-3.125721800668985334e-02,8.000000000000000000e+00,0.000000000000000000e+00
3.991390516407480327e-01,3.837655581819311990e-01,-6.892670189754054877e-02,-1.632286976211315022e+00,-3.096944692824335141e-02,8.000000000000000000e+00,-1.593097142315267112e+00
5.987085774611220490e-01,5.802321090165940554e-01,-7.569266380081730861e-02,-1.640046318577907503e+00,-2.980272900662031890e-02,7.960756767075071849e+00,-1.935331970318405093e+00
7.982781032814960653e-01,7.795337129690791400e-01,-8.845345344660020259e-02,-1.648867108030522166e+00,-2.889732369730487263e-02,7.912056568481667718e+00,-2.012306306869739991e+00
9.978476291018700817e-01,9.815720334621037546e-01,-1.030034167805484457e-01,-1.642541926562551158e+00,-2.421942416651812896e-02,7.860369415328356091e+00,-2.325906881287359340e+00
1.197417154922244098e+00,1.179445736051730309e+00,-1.163127998269936070e-01,-1.638309393675499992e+00,-2.003644298960559691e-02,7.801464983801142949e+00,-2.603558113341364777e+00
1.396986680742618114e+00,1.378961689796140089e+00,-1.300727148132578004e-01,-1.635727591294506844e+00,-1.631576953353353412e-02,7.734435038045058164e+00,-2.847965993531086593e+00
1.596556206562992131e+00,1.578105214562656178e+00,-1.437309451886640554e-01,-1.639088839513291207e+00,-1.403168163181617994e-02,7.660581746125993519e+00,-3.000489745753904813e+00
1.796125732383366147e+00,1.775967088911587943e+00,-1.573025188913018679e-01,-1.639545917952293541e+00,-1.100363926640436120e-02,7.582503398680897178e+00,-3.191483033561276272e+00
1.995695258203740163e+00,1.980129953556101885e+00,-1.713153351685074155e-01,-1.639202277363880134e+00,-7.837700950032725628e-03,7.495874016237475956e+00,-3.384027231265287483e+00
2.195264784024113958e+00,2.179574963352740369e+00,-1.849993116595343157e-01,-1.639336595486645010e+00,-4.625621804755956218e-03,7.405072530133009145e+00,-3.571066706139862212e+00
2.394834309844488196e+00,2.373000383754209519e+00,-1.982720619468918699e-01,-1.639301788767953072e+00,-1.758622573028424023e-03,7.310976707734218927e+00,-3.730940945006225196e+00
2.594403835664862434e+00,2.574607201575737747e+00,-2.121056868875405288e-01,-1.639305026435195600e+00,1.853979070996356266e-04,7.207112933350664719e+00,-3.704044371363456545e+00
2.793973361485236229e+00,2.769402462462036141e+00,-2.254720575812961258e-01,-1.639307620974695734e+00,2.395349602078100226e-03,7.106055376608785501e+00,-3.703966983131268709e+00
2.993542887305610023e+00,2.967650655852582808e+00,-2.390753228737882152e-01,-1.639305773956606149e+00,8.106486932416051474e-04,7.001711233197957185e+00,-3.785249562346693963e+00
3.193112413125984261e+00,3.171247438751288783e+00,-2.530456038143563124e-01,-1.639306484715899348e+00,-2.497719021172466582e-04,6.890501188665137278e+00,-3.783781288321699243e+00
3.392681938946358500e+00,3.370123572116906718e+00,-2.666919642893171294e-01,-1.639306282738161258e+00,-8.966347418611037923e-04,6.780151927459738381e+00,-3.783767428613593609e+00
3.592251464766732294e+00,3.568775729851478840e+00,-2.803229560546700028e-01,-1.639306336717476720e+00,-5.438065454360130368e-05,6.668104538961096672e+00,-3.822436909307286523e+00
3.791820990587106088e+00,3.768152731230014041e+00,-2.940036849783294048e-01,-1.639306322298973884e+00,5.969585694606391790e-05,6.552543176489572296e+00,-3.822436873348985742e+00
3.991390516407480327e+00,3.967155831686806078e+00,-3.076587576509408062e-01,-1.639306326009322357e+00,-2.543384090577152754e-05,6.435129460867221596e+00,-3.823946754316878138e+00
4.190960042227854565e+00,4.166279417388758510e+00,-3.213220977557224578e-01,-1.639306325266035591e+00,7.478290346661478060e-06,6.315412440716725584e+00,-3.824701732369263141e+00
4.390529568048227915e+00,4.365380296955067685e+00,-3.349838798175236443e-01,-1.639306325671240794e+00,-5.585896322571982883e-06,6.193371467669281039e+00,-3.824251887437718711e+00
4.590099093868602154e+00,4.564479066457995060e+00,-3.486455170615950783e-01,-1.639306323129748222e+00,2.031178040955375504e-05,6.068892955371818942e+00,-3.822740353826446391e+00
4.789668619688976392e+00,4.763581906293707036e+00,-3.623074337270567602e-01,-1.639306332345307204e+00,-6.400240383869133006e-05,5.941855382146443709e+00,-3.820788254349328117e+00
4.989238145509350630e+00,4.962682752518294826e+00,-3.759692132633766781e-01,-1.639306311056208498e+00,1.246793343273794373e-04,5.812110072614574463e+00,-3.815635851055415806e+00
5.188807671329724869e+00,5.161784220480019947e+00,-3.896310359506140464e-01,-1.639306330876875828e+00,-2.902923171748434013e-04,5.679582147839918882e+00,-3.738481176823189145e+00
5.388377197150098219e+00,5.360885583763911555e+00,-4.032928519244436405e-01,-1.639306410699852723e+00,-2.812204606974758655e-03,5.546663816821839177e+00,-3.672056312580322057e+00
5.587946722970472457e+00,5.559986891440433787e+00,-4.169546581007667063e-01,-1.639305893942112569e+00,-5.219953355865909056e-03,5.412930702503545355e+00,-3.589237866407529953e+00
5.787516248790846696e+00,5.759088379356957610e+00,-4.306165004452190970e-01,-1.639307648475010204e+00,-8.460197829055968871e-03,5.278940503790543026e+00,-3.474375272587922669e+00
5.987085774611220046e+00,5.958189451793422187e+00,-4.442782531128591228e-01,-1.639303793755267247e+00,-1.324088707070328504e-02,5.145916438800541393e+00,-3.324697055899946907e+00
6.186655300431594284e+00,6.157291072083916461e+00,-4.579401256578076174e-01,-1.639306746709476403e+00,-1.989004239498574217e-02,5.015320308204334054e+00,-3.202306219094273487e+00
6.386224826251968523e+00,6.356393486315559116e+00,-4.716021727012336684e-01,-1.639324084261560621e+00,-2.608112490576701414e-02,4.886232236696525177e+00,-3.076206983296085440e+00
6.585794352072342761e+00,6.555488000053323105e+00,-4.852624842119312443e-01,-1.639223954187497556e+00,-3.306298195833293901e-02,4.758936201647205877e+00,-3.012953528901281874e+00
6.785363877892716999e+00,6.754612588071734258e+00,-4.989294029482769788e-01,-1.639563079562404768e+00,-3.786692201259311136e-02,4.630847070829729795e+00,-2.699154110785306759e+00
6.984933403713090350e+00,6.953662874526112425e+00,-5.125800023333293431e-01,-1.638808130043979849e+00,-5.527608244918684466e-02,4.513057275761372722e+00,-2.377556601118702595e+00
7.184502929533464588e+00,7.152803115463281181e+00,-5.262503924911614561e-01,-1.640465154717656970e+00,-7.453931467580442172e-02,4.406645326413387131e+00,-2.079422022419768368e+00
7.384072455353838826e+00,7.352132208717947037e+00,-5.399625207300692287e-01,-1.650530889536637735e+00,-9.391096006598752266e-02,4.311332191490224730e+00,-1.791352452968903552e+00
7.583641981174212177e+00,7.549893117829981293e+00,-5.533321416374775703e-01,-1.660141209038169308e+00,-1.137549068419870246e-01,4.228173247735631968e+00,-1.541002447591223179e+00
7.783211506994586415e+00,7.753372922462538952e+00,-5.679735552394790110e-01,-1.673074275680799028e+00,-1.324156199993014593e-01,4.153155652131018449e+00,-1.296379827758376679e+00
7.982781032814960653e+00,7.953213024814126619e+00,-5.801730003056370100e-01,-1.692155877092149874e+00,-1.511464815491682379e-01,4.090183365537746418e+00,-1.059081103949399028e+00
8.182350558635334892e+00,8.147824000118619736e+00,-5.968430275646865457e-01,-1.718695251852324413e+00,-1.695231953243223899e-01,4.039291129206025843e+00,-8.326362453129887431e-01
8.381920084455709130e+00,8.340477250876043414e+00,-6.301383364596322423e-01,-1.743406280277358222e+00,-1.871362244683728027e-01,3.998786904966080247e+00,-5.787087660126781774e-01
8.581489610276083368e+00,8.543068402369133452e+00,-6.633166464479354207e-01,-1.771273595762389963e+00,-2.060785257999231679e-01,3.968965922260544676e+00,-3.208446364457948063e-01
8.781059136096455831e+00,8.737554826900902682e+00,-7.024508275008944924e-01,-1.790448005751912985e+00,-2.242603569818502618e-01,3.952896307262799169e+00,-2.090916282493515133e-01
8.980628661916830069e+00,8.920961795079321632e+00,-7.525095783113573411e-01,-1.859934742328050783e+00,-2.325958374128319628e-01,3.942827157865572030e+00,-1.361423744415609094e-01
9.180198187737204307e+00,9.120186216265700807e+00,-8.193645635244398706e-01,-1.936821844573394458e+00,-2.381649462947467433e-01,3.935564424764277369e+00,-9.006754286353524375e-02
9.379767713557578546e+00,9.309999713860744208e+00,-8.813067177275900610e-01,-2.014141726093956919e+00,-2.417009508011784547e-01,3.930992333082982793e+00,-4.049013056917732944e-02
9.579337239377952784e+00,9.504863778500654448e+00,-9.505957947327163815e-01,-2.093346150306035991e+00,-2.451750110030036234e-01,3.928861499872437602e+00,0.000000000000000000e+00
9.778906765198327022e+00,9.673226299446925580e+00,-9.965879460887873131e-01,-2.167830098364438740e+00,-2.477981163852875368e-01,3.928861499872437602e+00,0.000000000000000000e+00
9.978476291018701261e+00,9.819387818316918981e+00,-1.135312822222459772e+00,-2.242588426798975743e+00,-2.473929341034686036e-01,3.928861499872437602e+00,6.254374531027492856e-03
1.017804581683907550e+01,9.945982628608140530e+00,-1.286073239198405549e+00,-2.315940020838069824e+00,-2.442409798385940245e-01,3.929174874212285840e+00,5.430634631641421267e-02
1.037761534265944974e+01,1.006856897913035809e+01,-1.450763897997470186e+00,-2.386257835880925438e+00,-2.430613591560301379e-01,3.932011444027979863e+00,6.709784261760598501e-02
1.057718486847982220e+01,1.018644744514697997e+01,-1.609824934950596420e+00,-2.461763827700544915e+00,-2.404580383613555139e-01,3.935388410878184473e+00,1.009585640824661595e-01
1.077675439430019644e+01,1.030604299724338091e+01,-1.768695068196300957e+00,-2.534673741625917742e+00,-2.382031509914662448e-01,3.940486508456158443e+00,1.263163126521956170e-01
1.097632392012057068e+01,1.041399216414028395e+01,-1.939730400186488568e+00,-2.567188949649413576e+00,-2.244722195827075495e-01,3.946964596294308958e+00,3.280528998230334836e-01
1.117589344594094491e+01,1.051871724465939728e+01,-2.109602138542383543e+00,-2.591074462699205938e+00,-2.078411899987954170e-01,3.963516275798608213e+00,5.599268757107213057e-01
1.137546297176131915e+01,1.062196171773927844e+01,-2.274622947242634918e+00,-2.615253772371132435e+00,-1.901176648373351097e-01,3.990920754681014149e+00,7.969106900393115867e-01
1.157503249758169339e+01,1.071994048128726007e+01,-2.453699845289799786e+00,-2.638730422815657839e+00,-1.734450581012854653e-01,4.031475233779553413e+00,1.006033450022427056e+00
1.177460202340206763e+01,1.081038467581505458e+01,-2.634336332067384046e+00,-2.662133327404673011e+00,-1.581773887081674435e-01,4.081575483193981668e+00,1.189882004517361480e+00
1.197417154922244009e+01,1.089965651746503461e+01,-2.804457129951066552e+00,-2.679597688098954933e+00,-1.425069067371182718e-01,4.137204550560951155e+00,1.385786018321609747e+00
1.217374107504281433e+01,1.098956603898420603e+01,-2.986223283893251423e+00,-2.693556382498158985e+00,-1.283928390999629077e-01,4.204580940209885043e+00,1.555207080629168459e+00
1.237331060086318857e+01,1.106941406647539416e+01,-3.173360543822222990e+00,-2.713559084117849185e+00,-1.131018995652953579e-01,4.279175906126023499e+00,1.753951934538898305e+00
1.257288012668356281e+01,1.114502140690995446e+01,-3.352608183554819821e+00,-2.731035529671850259e+00,-9.591894120244635891e-02,4.358185107622451149e+00,2.003136979258648420e+00
1.277244965250393705e+01,1.122535527515503517e+01,-3.536862325286175057e+00,-2.741209803597630668e+00,-8.020364494822042334e-02,4.449613423282348990e+00,2.237043252197199461e+00
1.297201917832431128e+01,1.130142216377588404e+01,-3.721947751463226872e+00,-2.755891030767407379e+00,-7.393995819340593023e-02,4.549104897250342283e+00,2.294860229384632522e+00
1.317158870414468552e+01,1.138078678567213409e+01,-3.903206035774991811e+00,-2.766397199253431971e+00,-7.030654519609354225e-02,4.647852440229094384e+00,2.306200586068043012e+00
1.337115822996505976e+01,1.145090833605225455e+01,-4.091519610903374016e+00,-2.772975570527232314e+00,-6.620590308176352301e-02,4.746511654074752506e+00,2.333422522463699966e+00
1.357072775578543400e+01,1.151545995463943051e+01,-4.281246200023412385e+00,-2.785633110329251316e+00,-6.060714660155702010e-02,4.844031662365860136e+00,2.402874957139841783e+00
1.377029728160580646e+01,1.158546682120850058e+01,-4.465622982885688153e+00,-2.799177827564317766e+00,-5.517590797375229034e-02,4.940893959811618608e+00,2.478021836639462627e+00
1.396986680742618070e+01,1.165206160070100339e+01,-4.657493212659875148e+00,-2.811389142872074753e+00,-5.102988086259719475e-02,5.041725771624513186e+00,2.527871521821402734e+00
1.416943633324655494e+01,1.172038443256050932e+01,-4.841787755046431663e+00,-2.828405981196293162e+00,-4.703744587426027940e-02,5.139329973637765114e+00,2.582613461723144876e+00
1.436900585906692918e+01,1.178655462105084872e+01,-5.029924308547848888e+00,-2.837691685193516555e+00,-4.213450378187383327e-02,5.238590804659824407e+00,2.668709823108975421e+00
1.456857538488730341e+01,1.183975878419403927e+01,-5.221201837605688567e+00,-2.844613779959836108e+00,-3.780650523293067194e-02,5.338775153223562775e+00,2.747419323301005356e+00
1.476814491070767765e+01,1.189499571954007529e+01,-5.415467456845314054e+00,-2.854797809453557544e+00,-3.429883566709809872e-02,5.441717606647306305e+00,2.809332914054155861e+00
1.496771443652805189e+01,1.194877795773861884e+01,-5.610646527223056346e+00,-2.862312197566139638e+00,-3.035594961215557636e-02,5.545251011566403321e+00,2.891560354052111315e+00
1.516728396234842435e+01,1.199526371296472149e+01,-5.800648875741875266e+00,-2.871695340436267507e+00,-2.780073085015956694e-02,5.646328322559135415e+00,2.938684245722358312e+00
1.536685348816879859e+01,1.204755498865422148e+01,-5.993996701775475167e+00,-2.879507386061876062e+00,-2.631630812854236431e-02,5.749628356726271150e+00,2.955029532072710463e+00
1.556642301398917283e+01,1.209859392699667957e+01,-6.186731471706549357e+00,-2.880637212987630313e+00,-2.251765433327033300e-02,5.851201855250917738e+00,3.054072905409032312e+00
1.576599253980954707e+01,1.214995624581053768e+01,-6.379629600452711990e+00,-2.882361923225279732e+00,-1.841003477658779280e-02,5.954482813754605530e+00,3.172256281651091747e+00
1.596556206562992131e+01,1.220123451249144431e+01,-6.572486007209268344e+00,-2.883277870627328987e+00,-1.553520604899339026e-02,6.059864552535676907e+00,3.254516809809887334e+00
1.616513159145029377e+01,1.225253376158283558e+01,-6.765351719779834738e+00,-2.881301197876711573e+00,-1.132712546328648248e-02,6.166115162791405702e+00,3.394331632336815119e+00
1.636470111727066978e+01,1.230383048344586072e+01,-6.958218898215998927e+00,-2.881734342926355552e+00,-8.848089774332221560e-03,6.275014368904154871e+00,3.476599339503936736e+00
1.656427064309104225e+01,1.235512128775308405e+01,-7.151074255520075695e+00,-2.881936056117079481e+00,-6.068925605758390684e-03,6.384620674790988382e+00,3.577610072294894472e+00
1.676384016891141826e+01,1.240642945263171271e+01,-7.343965148289959721e+00,-2.878109851003104680e+00,-4.587717565826441961e-03,6.495502283511115138e+00,3.631437085325048386e+00
1.696340969473179072e+01,1.245769276491086863e+01,-7.536764549866345142e+00,-2.877053480165908450e+00,-3.301111266502483512e-03,6.606094180623156120e+00,3.680937918729316305e+00
1.716297922055216674e+01,1.250905049534745039e+01,-7.729758425853679782e+00,-2.877360772717955761e+00,2.149176245051118243e-05,6.716451715993128069e+00,3.824030491043268309e+00
1.736254874637253920e+01,1.256029563070650390e+01,-7.922536844546949730e+00,-2.878014233218353368e+00,2.530074889004147419e-03,6.829078073372684798e+00,3.707006649902864215e+00
1.756211827219291166e+01,1.261083092377698023e+01,-8.114943527344456342e+00,-2.875509862286808271e+00,1.975297526675859165e-03,6.936223445054415571e+00,3.729966074168410639e+00
1.776168779801328768e+01,1.267008642461470735e+01,-8.307792391854173175e+00,-2.872659465778322208e+00,1.738301364277241873e-03,7.043877872180924093e+00,3.738752064943960729e+00
1.796125732383366014e+01,1.272382585809753408e+01,-8.501665719898467088e+00,-2.873396216966463079e+00,1.933127796440016130e-03,7.149864740470712299e+00,3.726177413268701777e+00
1.816082684965403615e+01,1.277386952011386612e+01,-8.692242400449600837e+00,-2.873616962348612525e+00,2.010628125375303870e-03,7.251824622819126098e+00,3.719263157215680682e+00
1.836039637547440861e+01,1.282240514105212625e+01,-8.879884508857333714e+00,-2.873007866807108179e+00,3.087978981069665514e-03,7.350556290458843733e+00,3.658154402684871354e+00
1.855996590129478463e+01,1.287969172606638679e+01,-9.075782480909110106e+00,-2.868837232067442677e+00,1.950214763336644138e-03,7.451439698595286210e+00,3.716716366005966332e+00
1.875953542711515709e+01,1.293791741441223131e+01,-9.272371442602990399e+00,-2.873109181837753212e+00,1.553264451690614003e-05,7.553014829148669840e+00,3.824113893182875312e+00
1.895910495293553311e+01,1.298633690177500100e+01,-9.460384183721039619e+00,-2.875488221768863539e+00,-1.156061575963846362e-04,7.650680821616360205e+00,3.818233234368779261e+00
1.915867447875590557e+01,1.303679124623398344e+01,-9.651751162218708657e+00,-2.871609558419441655e+00,-1.389059368249147535e-03,7.748820747211400572e+00,2.761322244300270956e+00
1.935824400457627803e+01,1.308928179879380416e+01,-9.844479685435233662e+00,-2.869408869144104202e+00,-1.014782630702806268e-03,7.819677999154649228e+00,-3.759516567557883437e+00
1.955781353039665404e+01,1.314868336727974096e+01,-1.003772063941292103e+01,-2.872753029172573136e+00,-1.098212636430562434e-03,7.721870243913748766e+00,-3.736363064171371207e+00
1.975738305621702651e+01,1.319938801624102354e+01,-1.023164305011688668e+01,-2.875423683645245365e+00,-1.524820201640487809e-03,7.624266152509977523e+00,-3.736341537422801728e+00
1.995695258203740252e+01,1.324677548299650631e+01,-1.042026334124354925e+01,-2.875562002673614614e+00,-9.239009356097837265e-04,7.528355279041942794e+00,-3.772617056313419148e+00
2.015652210785777498e+01,1.330630861679151344e+01,-1.061621153836535747e+01,-2.873275995845066433e+00,-5.432870620983332455e-07,7.425020356124281129e+00,-3.805370087911552179e+00
2.035609163367815100e+01,1.336135587204799968e+01,-1.081084200729373102e+01,-2.869409012906448453e+00,-3.662875216075763842e-04,7.320624238612363222e+00,-3.773826618373934405e+00
2.055566115949852346e+01,1.340934910884413434e+01,-1.099824904688309601e+01,-2.874151987405739739e+00,9.816228243684763967e-04,7.220208424831547234e+00,-3.489205569646593119e+00
2.075523068531889948e+01,1.346187696516780719e+01,-1.119418542237943193e+01,-2.878047854153085172e+00,6.621100587515978131e-03,7.121502832569404084e+00,-3.317094863847325215e+00
2.095480021113927194e+01,1.350970905469032068e+01,-1.138109050173235737e+01,-2.877514909486976968e+00,1.027401869666025834e-02,7.031065219867677740e+00,-3.187326555697202579e+00
2.115436973695964440e+01,1.356610438281613362e+01,-1.157689933230261481e+01,-2.882905051107112371e+00,1.324707456275673115e-02,6.938077956115829892e+00,-3.109375079051223345e+00
2.135393926278002041e+01,1.362712923281278243e+01,-1.177148535146769071e+01,-2.882064626986755584e+00,1.526870688742549068e-02,6.846074154988540883e+00,-2.983898119171211061e+00
2.155350878860039288e+01,1.367543730318153195e+01,-1.196014718534119758e+01,-2.879893257788856076e+00,1.840223282524458895e-02,6.760659161064194400e+00,-2.837681393306019650e+00
2.175307831442076889e+01,1.371888230183077617e+01,-1.215697383596920922e+01,-2.878745618670376594e+00,2.215578677141260069e-02,6.675519554650059639e+00,-2.714206106614806657e+00
2.195264784024114135e+01,1.376839384491750273e+01,-1.234937795846743569e+01,-2.877083866398955969e+00,2.554483744630612480e-02,6.594246387066858617e+00,-2.714176557029790438e+00
2.215221736606151737e+01,1.381605749647802917e+01,-1.254257811462011851e+01,-2.873619130819439871e+00,2.612772251047119562e-02,6.511826346740886784e+00,-2.709769232648236770e+00
2.235178689188188983e+01,1.387222619402921531e+01,-1.273490638306190093e+01,-2.874469863347131060e+00,2.699139547186419838e-02,6.427908735833345766e+00,-2.666806718742477766e+00
2.255135641770226229e+01,1.392592333534827809e+01,-1.292690168473681389e+01,-2.864919192035569218e+00,2.877163876323005770e-02,6.344658060174453773e+00,-2.666519962262116294e+00
2.275092594352263831e+01,1.397982917961578941e+01,-1.311914044022722514e+01,-2.846681783744561933e+00,2.892376599424874642e-02,6.260185702092972093e+00,-2.690996630763886621e+00
2.295049546934301077e+01,1.403266991365753213e+01,-1.331186676814458103e+01,-2.834480600977620668e+00,2.865608215817706458e-02,6.173685567224521442e+00,-2.732690282247669966e+00
2.315006499516338678e+01,1.409438001768447712e+01,-1.350085641635065770e+01,-2.818735310639511660e+00,2.926143070717401526e-02,6.085049203782687322e+00,-2.740831816096104490e+00
2.334963452098375924e+01,1.415254514819268294e+01,-1.369142305324951181e+01,-2.808465497275828504e+00,2.854433008169338093e-02,5.994633118685993800e+00,-2.798684064333802901e+00
2.354920404680413526e+01,1.422135088353428678e+01,-1.388267492425601013e+01,-2.799302531593169441e+00,2.811270947220042421e-02,5.898978567930102557e+00,-2.846029064719175494e+00
2.374877357262450772e+01,1.429769350230510661e+01,-1.406240678809590783e+01,-2.786991286442282778e+00,2.715152913721312691e-02,5.804002072136155377e+00,-2.909561411970050582e+00
2.394834309844488018e+01,1.437069909368044485e+01,-1.424851887176660270e+01,-2.773602580747257740e+00,2.588090220482779785e-02,5.702901720897223470e+00,-2.982708089189713974e+00
2.414791262426525620e+01,1.444991324506101726e+01,-1.443715313139903067e+01,-2.768990052001445434e+00,2.520349184017871974e-02,5.594873847750826634e+00,-3.035851091369051513e+00
2.434748215008562866e+01,1.452224207264610634e+01,-1.461344190918912567e+01,-2.761675812995445956e+00,2.543966098120040500e-02,5.490505648322105969e+00,-3.056671620396880229e+00
2.454705167590600468e+01,1.459399873814232862e+01,-1.480185551123300947e+01,-2.759313141304681416e+00,2.174145691584922213e-02,5.377091139033769451e+00,-3.194808100922868377e+00
2.474662120172637714e+01,1.467334283415431173e+01,-1.499222703382509359e+01,-2.762601808864851627e+00,1.645744316468178772e-02,5.253121528056032830e+00,-3.369845337110019212e+00
2.494619072754675315e+01,1.474992578551125177e+01,-1.517219854569738047e+01,-2.763137294923435405e+00,1.136969620821167218e-02,5.126117701565585882e+00,-3.525289389304912646e+00
2.514576025336712561e+01,1.482065795720453671e+01,-1.535900853004384814e+01,-2.766111254085983351e+00,3.657906118907614489e-03,4.986854003376429034e+00,-3.733987566523223833e+00
2.534532977918750163e+01,1.489273523983636593e+01,-1.554506662826222119e+01,-2.768133058601479846e+00,-2.573870812011384585e-03,4.835144037178402243e+00,-3.616265381494307096e+00
2.554489930500787409e+01,1.496458814720950770e+01,-1.573125575411845567e+01,-2.767684455810996536e+00,-9.515964860519468202e-03,4.683503255306685986e+00,-3.484194687005970348e+00
2.574446883082824655e+01,1.503644793847467298e+01,-1.591744090172989168e+01,-2.770373262766142819e+00,-1.658863055722348614e-02,4.532605388185241502e+00,-3.369334474973934235e+00
2.594403835664862257e+01,1.510832758255842201e+01,-1.610361509046725459e+01,-2.773783078782536826e+00,-2.373296656394936061e-02,4.381744721784140317e+00,-3.283546190385561836e+00
2.614360788246899503e+01,1.518019271325765551e+01,-1.628979538120018589e+01,-2.773022152508197280e+00,-3.026724673980330307e-02,4.229550826856148582e+00,-3.205704376546058221e+00
2.634317740828937104e+01,1.525207352282916595e+01,-1.647597631145224284e+01,-2.772930241766146331e+00,-3.728553024078531258e-02,4.075480726406841114e+00,-3.173495954061307689e+00
2.654274693410974351e+01,1.532391417545570533e+01,-1.666214707608449075e+01,-2.778140547088766787e+00,-4.246264079622888432e-02,3.917013412043972576e+00,-3.170701460143290795e+00
2.674231645993011952e+01,1.539586903752858404e+01,-1.684834850165788822e+01,-2.780993701172735921e+00,-4.647958054416079232e-02,3.751948560260318200e+00,-3.091097294559014497e+00
2.694188598575049198e+01,1.546754540770844599e+01,-1.703447513626552379e+01,-2.789099703357730498e+00,-5.713940062135105385e-02,3.583863037568380872e+00,-2.793066287631897904e+00
2.714145551157086800e+01,1.553969400346470131e+01,-1.722073743006373903e+01,-2.804135178846594911e+00,-8.798695319293807493e-02,3.424654476086645083e+00,-2.454897242193663676e+00
2.734102503739124046e+01,1.561200411396943721e+01,-1.740688918996902146e+01,-2.818738820825348768e+00,-1.274780022212908814e-01,3.278377389915327011e+00,-2.108595638563136365e+00
2.754059456321161292e+01,1.567442170157170800e+01,-1.759752382419748074e+01,-2.837284463491913655e+00,-1.733423178858130298e-01,3.146715685274997565e+00,-1.731006466374177100e+00
2.774016408903198894e+01,1.574038436269763785e+01,-1.778421638093938384e+01,-2.853202989128571954e+00,-2.272046872405645013e-01,3.035841019796123419e+00,-1.337925155285517587e+00
2.793973361485236140e+01,1.579715069656730719e+01,-1.797614874726007983e+01,-2.868330118416821062e+00,-2.865043931522128218e-01,2.946312339315676709e+00,-9.969144141089155697e-01
2.813930314067273741e+01,1.584013293220401586e+01,-1.817061654360021095e+01,-2.889798453596461592e+00,-3.414051957100643353e-01,2.878135332931496926e+00,-6.824191688203198325e-01
2.833887266649310988e+01,1.588416017870905073e+01,-1.836528560651173336e+01,-2.910496924797740803e+00,-3.922704434835158072e-01,2.830417073677629958e+00,-4.097561812756653765e-01
2.853844219231348589e+01,1.592056436785327378e+01,-1.856192567249638969e+01,-2.928798123080366800e+00,-4.352085192976015149e-01,2.801316394128522180e+00,-1.588914872007379797e-01
2.873801171813385835e+01,1.596203596791910151e+01,-1.875681994399841201e+01,-2.948119965855412694e+00,-4.709768298344307325e-01,2.789991541887478110e+00,-2.608894870606411759e-02
2.893758124395423081e+01,1.600517006910592244e+01,-1.895268780367230121e+01,-2.991202956676703550e+00,-4.886946771498630882e-01,2.788115482802350442e+00,-1.604477100910547266e-02
2.913715076977460683e+01,1.603571754274718941e+01,-1.914888462113909995e+01,-3.117301544627865351e+00,-4.903887208615534399e-01,2.786972591272939059e+00,-1.338741223192666235e-03
2.933672029559497929e+01,1.606791906741224807e+01,-1.934448375332852166e+01,3.006237759461474646e+00,-4.923157088940306458e-01,2.786877367518032056e+00,-1.333491656438545031e-03
2.953628982141535531e+01,1.609460556701604972e+01,-1.954222817810805068e+01,2.823623967667065138e+00,-4.923466794225701548e-01,2.786781889501205534e+00,0.000000000000000000e+00
2.973585934723572777e+01,1.612525567788319236e+01,-1.974861335375277704e+01,2.605949410478126449e+00,-4.925218254668552453e-01,2.786781889501205534e+00,0.000000000000000000e+00
2.993542887305610378e+01,1.608589467735192713e+01,-1.988162399314467166e+01,2.365851310660226137e+00,-4.914269457068159430e-01,2.786781889501205534e+00,8.503004061151498566e-03
3.013499839887647624e+01,1.588206315016722137e+01,-1.989643196923517721e+01,2.147481694261998086e+00,-4.904921506786497631e-01,2.787405387723687067e+00,1.405806211502681063e-02
3.033456792469684871e+01,1.567420276700236315e+01,-1.990696341580853357e+01,1.944550537426379400e+00,-4.893847298647718280e-01,2.788454862507614873e+00,1.979856603239726551e-02
3.053413745051722472e+01,1.547421923580245817e+01,-1.991803505054473789e+01,1.767957603506630448e+00,-4.883383400020346876e-01,2.789876595998852071e+00,2.406178716377069260e-02
3.073370697633759718e+01,1.527414850357994780e+01,-1.991581073725373230e+01,1.622339153958045621e+00,-4.879275872598564101e-01,2.791601714905446396e+00,2.256072967464109805e-02
3.093327650215797320e+01,1.507057809036959384e+01,-1.990550673732210640e+01,1.543514304027076456e+00,-4.817212515890172408e-01,2.793248518810759418e+00,6.649648850793762889e-02
3.113284602797834566e+01,1.487997466978937311e+01,-1.990062748657523173e+01,1.521717238532993566e+00,-4.543266509659212860e-01,2.797783856639652900e+00,2.687152018460211567e-01
3.133241555379872167e+01,1.468017226503493866e+01,-1.988874204305888682e+01,1.499422234796177200e+00,-4.174899666418415145e-01,2.816942351922817611e+00,5.121485569760375611e-01
3.153198507961909414e+01,1.447297882008144576e+01,-1.986615842940540588e+01,1.480752976655711262e+00,-3.770145053253807221e-01,2.854583826952123982e+00,7.528411941359496318e-01
3.173155460543947015e+01,1.427904655794032251e+01,-1.984385654929641873e+01,1.464135374758907204e+00,-3.269958715986638897e-01,2.905610722468459084e+00,1.064313264071180321e+00
3.193112413125984261e+01,1.408320701430715793e+01,-1.982697306299633055e+01,1.453378338161486205e+00,-2.705362444762719476e-01,2.976741372729902579e+00,1.427781259454209195e+00
3.213069365708021508e+01,1.388358191748842430e+01,-1.979826950326132362e+01,1.435641134992053924e+00,-2.185124554744523606e-01,3.071952758096740954e+00,1.762921175077783120e+00
3.233026318290058754e+01,1.368552650935295567e+01,-1.976478193507907122e+01,1.419362812724959788e+00,-1.707165570057110060e-01,3.185140100177297207e+00,2.093060477193111169e+00
3.252983270872096710e+01,1.348937230112848340e+01,-1.973882819630630081e+01,1.405238165016925667e+00,-1.288242356017920420e-01,3.312612128729951699e+00,2.411360247004076029e+00
3.272940223454133957e+01,1.329460191338865549e+01,-1.970386606945086427e+01,1.387555796841599243e+00,-9.441421128674722107e-02,3.453655399394937042e+00,2.698852249211423526e+00
3.292897176036171203e+01,1.309554433077247459e+01,-1.967253058087908357e+01,1.369244715358536979e+00,-7.757058502722785631e-02,3.607689160265751482e+00,2.815386172673712828e+00
3.312854128618208449e+01,1.289212676035211125e+01,-1.963031156622114537e+01,1.352488676535172463e+00,-7.402804384473081478e-02,3.766328293189607823e+00,2.774895259551755533e+00
3.332811081200246406e+01,1.271112135850651548e+01,-1.958826134029095201e+01,1.339872265911951299e+00,-7.066068243187963172e-02,3.900836104521224090e+00,2.749790149029082365e+00
3.352768033782283652e+01,1.251493847234916146e+01,-1.953899425639658816e+01,1.318811846563282764e+00,-6.638648215028891686e-02,4.040909195825793887e+00,2.740978642893652228e+00
3.372724986364320898e+01,1.231799189494456925e+01,-1.948043517499553090e+01,1.300781189674820926e+00,-6.291263360893811774e-02,4.177955745721878777e+00,2.726840212375401862e+00
3.392681938946358144e+01,1.212957251680493798e+01,-1.942779490808343468e+01,1.286035510113139324e+00,-6.169618959282660575e-02,4.303747470112156748e+00,2.682248228208012453e+00
3.412638891528395391e+01,1.194087487259922220e+01,-1.936729332036517803e+01,1.275313151764357666e+00,-5.991479535995068023e-02,4.425524711795161714e+00,2.651552617310682702e+00
3.432595844110433347e+01,1.174765578971219604e+01,-1.930915307681389237e+01,1.263154090800046703e+00,-5.749430902191202813e-02,4.544811646937953142e+00,2.637437056829942783e+00
3.452552796692470594e+01,1.155831130005338103e+01,-1.924166328865616649e+01,1.253769771242194686e+00,-5.481039942423281824e-02,4.660003318494503333e+00,2.634757595066288260e+00
3.472509749274507840e+01,1.137304486111934665e+01,-1.917202820680785891e+01,1.245495166414030574e+00,-5.092472835390227798e-02,4.770595174806061323e+00,2.666025581237095654e+00
3.492466701856545086e+01,1.118395163426080785e+01,-1.911297698980634863e+01,1.233899806597219317e+00,-4.614887300260903102e-02,4.880046456079925932e+00,2.725971354244713485e+00
3.512423654438582332e+01,1.099088617205487495e+01,-1.905158517464929702e+01,1.226242406382938022e+00,-4.207780718133855014e-02,4.991930435998901849e+00,2.776447576030399933e+00
3.532380607020620289e+01,1.080354109419505271e+01,-1.898216630406823668e+01,1.217387857054692102e+00,-3.981472252036472731e-02,5.101842596253749029e+00,2.788670634990610520e+00
3.552337559602657535e+01,1.061904344844773185e+01,-1.891696501670983821e+01,1.215778601383393553e+00,-3.583624312460916006e-02,5.207703041926941445e+00,2.853114959434369879e+00
3.572294512184694781e+01,1.043189610561302239e+01,-1.884428686024512345e+01,1.213026485609973282e+00,-3.185441463211020896e-02,5.316556907433399815e+00,2.924610208394888833e+00
3.592251464766732028e+01,1.024606033825948792e+01,-1.876809687995169185e+01,1.207124752122200384e+00,-2.843834071413880657e-02,5.425917480098813250e+00,2.987758740895039011e+00
3.612208417348769984e+01,1.006249609245674748e+01,-1.869320153335398160e+01,1.196497788999851597e+00,-2.545806357025909641e-02,5.534009236534669363e+00,3.045340229123760789e+00
3.632165369930807231e+01,9.875703473395926579e+00,-1.861859743809437973e+01,1.189880572947498827e+00,-2.115934171353970467e-02,5.643610280701173210e+00,3.151067835716400811e+00
3.652122322512844477e+01,9.688464376589161375e+00,-1.854846373966344686e+01,1.186468456554536921e+00,-1.949791397973231477e-02,5.754164152909957863e+00,3.179416169552742755e+00
3.672079275094881723e+01,9.505611078718400719e+00,-1.847387154697328171e+01,1.184295319039206706e+00,-1.694813163761673194e-02,5.862266027721731554e+00,3.242557745938887681e+00
3.692036227676918969e+01,9.318129336421330677e+00,-1.840284421793194625e+01,1.185046541313030222e+00,-1.420506875662582054e-02,5.972129617388182155e+00,3.318357299272735261e+00
3.711993180258956926e+01,9.135315892400805993e+00,-1.832268627105878167e+01,1.184539716000355014e+00,-1.168704522898916798e-02,6.082032419174136173e+00,3.392683126797374271e+00
3.731950132840994172e+01,8.953694370661615665e+00,-1.824134902104955813e+01,1.180956160030772306e+00,-7.276548436967551423e-03,6.192045334034593118e+00,3.546006760798167790e+00
3.751907085423031418e+01,8.765730941996217496e+00,-1.816741178806234203e+01,1.175775405612045077e+00,-5.490469624905847980e-03,6.306654314916198878e+00,3.606622672514592676e+00
3.771864038005068664e+01,8.583035131872598811e+00,-1.809185485694786166e+01,1.173637781206504638e+00,-3.627764110490718907e-03,6.418720379678128474e+00,3.675536222719291146e+00
3.791820990587106621e+01,8.399561428765013105e+00,-1.801824254818206228e+01,1.172526986684360839e+00,-8.586384516006602971e-04,6.530942159195212149e+00,3.788376317685054673e+00
3.811777943169143867e+01,8.213414266691875909e+00,-1.794120635499519167e+01,1.173700078263926638e+00,3.231713133139316185e-03,6.646773894592887366e+00,3.682224196102819480e+00
3.831734895751181114e+01,8.030975206043796888e+00,-1.786065746240647201e+01,1.178698894951199172e+00,4.022103595970238400e-03,6.756351947719966056e+00,3.641397842038992305e+00
3.851691848333218360e+01,7.848030712089915539e+00,-1.778111997142106659e+01,1.175945982293762349e+00,4.971348084817285573e-03,6.863024969489891269e+00,3.590843978399163028e+00
3.871648800915255606e+01,7.664270352878054027e+00,-1.770152513356234181e+01,1.177848554524821623e+00,5.811343345232624670e-03,6.967015225012423763e+00,2.700765584533968422e+00
3.891605753497293563e+01,7.478835309931479713e+00,-1.762895263759383013e+01,1.177201829877106753e+00,5.554553307463895757e-03,7.043785224640366494e+00,-3.541831292303791123e+00
3.911562706079330809e+01,7.295501952760223396e+00,-1.755111504127494371e+01,1.179594844891125316e+00,5.874377413588269606e-03,6.942912735681187719e+00,-3.541745889477034392e+00
3.931519658661368055e+01,7.109609411523052813e+00,-1.747880354953471738e+01,1.188344310631200162e+00,5.274727012575275778e-03,6.840405807149330997e+00,-3.536652230529529373e+00
3.951476611243405301e+01,6.925435271039162011e+00,-1.740049400878736208e+01,1.193863992991921030e+00,6.354692976655799096e-03,6.736138558505061269e+00,-3.536618798026537114e+00
3.971433563825443258e+01,6.738165316164007379e+00,-1.732714718342110771e+01,1.198546662343597191e+00,6.263553202647096849e-03,6.629704644002169189e+00,-3.549492595321649624e+00
3.991390516407480504e+01,6.556379079364879736e+00,-1.725283712347778220e+01,1.203697590749458701e+00,4.510347542832036753e-03,6.523712794613197197e+00,-3.632996622815713561e+00
4.011347468989517751e+01,6.370316717856921329e+00,-1.718100215296133726e+01,1.209396818151213360e+00,4.017906404847729034e-03,6.411680085782852423e+00,-3.659807531516625634e+00
4.031304421571554997e+01,6.177259342886664228e+00,-1.711498412542129444e+01,1.205934359096462849e+00,3.896141379036262113e-03,6.294139920442345826e+00,-3.611070131358578461e+00
4.051261374153592243e+01,5.994338699415885152e+00,-1.704731743138696842e+01,1.206311048154037113e+00,5.599140637514213141e-03,6.181231714423820023e+00,-3.611027231646912750e+00
4.071218326735630200e+01,5.807973537202748560e+00,-1.697672749774304535e+01,1.207490659754955953e+00,5.296659595136871644e-03,6.063692861128945566e+00,-3.630240566497464183e+00
4.091175279317667446e+01,5.614531083158794011e+00,-1.691207326164004243e+01,1.207216932707321444e+00,5.389528103443973206e-03,5.940329535223112245e+00,-3.634761062369544771e+00
4.111132231899704692e+01,5.428982745603046389e+00,-1.684556800995332537e+01,1.207986650298749520e+00,4.842349392816735001e-03,5.818474193633721647e+00,-3.660992154083096750e+00
4.131089184481741938e+01,5.247485592187745240e+00,-1.676753951156769418e+01,1.202009655405403610e+00,3.902097706807942674e-03,5.692812670587898083e+00,-3.698433347916846081e+00
4.151046137063779895e+01,5.061659020013494548e+00,-1.668940317865517997e+01,1.201139466893750285e+00,1.893536979597307268e-03,5.560306954049025308e+00,-3.766433005697054970e+00
4.171003089645817141e+01,4.875205489641202483e+00,-1.661888417658661865e+01,1.198638068058563988e+00,8.883796442338928083e-04,5.423595229554303288e+00,-3.798652016856500779e+00
4.190960042227854387e+01,4.690958818797598795e+00,-1.654305422469664677e+01,1.190529545092522401e+00,9.443149560933894893e-04,5.282205029606986457e+00,-3.782601328408451202e+00
4.210916994809891634e+01,4.503275763543768129e+00,-1.647224725867495110e+01,1.189737111784048729e+00,-1.606975425705915034e-03,5.136549848441925192e+00,-3.771499282399270569e+00
4.230873947391928880e+01,4.320006107845991039e+00,-1.639721525939674152e+01,1.194249916702067260e+00,-2.149454300461697050e-03,4.989025176970158348e+00,-3.760874649177069262e+00
4.250830899973966837e+01,4.132219025210064345e+00,-1.632580480225442088e+01,1.198294339134368336e+00,-2.742837273303604714e-03,4.835204599152924665e+00,-3.723630285846445620e+00
4.270787852556004083e+01,3.946791071560477260e+00,-1.625021829426854936e+01,1.198989591401489641e+00,-4.631302472724742499e-03,4.678455877154731546e+00,-3.694259622406461219e+00
4.290744805138041329e+01,3.766645488051357571e+00,-1.617343255848251360e+01,1.198713541237104607e+00,-6.395964576914778613e-03,4.521180466196130787e+00,-3.665361978568027368e+00
4.310701757720078575e+01,3.575936673090023277e+00,-1.610316097443237027e+01,1.198922552334745539e+00,-8.423658655733365710e-03,4.353291894685384911e+00,-3.647148585323185976e+00
4.330658710302115821e+01,3.390572048859113341e+00,-1.603329049589666511e+01,1.203919106412248752e+00,-1.015934968550809454e-02,4.184038841075068405e+00,-3.495906722984498671e+00
4.350615662884153778e+01,3.204146997177795608e+00,-1.596359086012701667e+01,1.201421838534752595e+00,-2.042204293723841324e-02,4.014300806317127268e+00,-3.211673877764425367e+00
4.370572615466191024e+01,3.014118276349363690e+00,-1.589316595083923467e+01,1.202092532430561800e+00,-4.140496791501230983e-02,3.848748253723974777e+00,-2.971953556511377048e+00
4.390529568048228271e+01,2.833606045137259777e+00,-1.581820146962213691e+01,1.207466720509711600e+00,-6.248934110957621302e-02,3.694735603553788383e+00,-2.740710239030751616e+00
4.410486520630265517e+01,2.645908001518550989e+00,-1.574783595415579818e+01,1.202982751676950901e+00,-8.638177497928214987e-02,3.542922206955404274e+00,-2.499352117874730439e+00
4.430443473212303473e+01,2.455220414621329450e+00,-1.568062486341204220e+01,1.197355047586148746e+00,-1.148579342873705250e-01,3.397297586051889695e+00,-2.156348365137565004e+00
4.450400425794340720e+01,2.272736369629021702e+00,-1.560591776274843667e+01,1.195363313473324141e+00,-1.560765940711592581e-01,3.269745490766074347e+00,-1.859894374831201791e+00
4.470357378376377966e+01,2.088040779964042581e+00,-1.553204791405345553e+01,1.189005322986707913e+00,-1.974723567991681361e-01,3.154567282253979421e+00,-1.625794474845463800e+00
4.490314330958415212e+01,1.898779494893210185e+00,-1.546325313864437057e+01,1.181688140351745631e+00,-2.365627248683177808e-01,3.049016341137312569e+00,-1.415392368169324122e+00
4.510271283540452458e+01,1.715392561795930471e+00,-1.538620040711516523e+01,1.174364539026801602e+00,-2.759068479103650717e-01,2.955234343698454946e+00,-1.219518680897987650e+00
4.530228236122490415e+01,1.533066299283083911e+00,-1.530546876135114154e+01,1.161459723417799239e+00,-3.159282984731749400e-01,2.871770418456917717e+00,-1.019135159415405667e+00
4.550185188704527661e+01,1.347970361747414136e+00,-1.523202196487751436e+01,1.119627118388390574e+00,-3.578373663754160772e-01,2.800209528790621683e+00,-8.928541712633766281e-01
4.570142141286564907e+01,1.162866439188627865e+00,-1.514990512184478000e+01,1.033374671790427968e+00,-3.920208638938980084e-01,2.734879477192953878e+00,-7.279184303710602988e-01
4.590099093868602154e+01,9.873583379738546384e-01,-1.506121628316820349e+01,9.411101816112079632e-01,-4.305518038570433359e-01,2.682029900964857827e+00,-5.566025009018424896e-01
4.610056046450640110e+01,8.099896881050991926e-01,-1.497933249655520349e+01,8.449537143412966245e-01,-4.685329554130576724e-01,2.641176126374806366e+00,-4.887275584369150661e-01
4.630012999032677357e+01,6.185333351550105219e-01,-1.488379155104736640e+01,7.358070470533024654e-01,-4.930453652657325603e-01,2.601281268804966462e+00,-4.173456300681176456e-01
4.649969951614714603e+01,4.956581783636865302e-01,-1.474492708384733497e+01,5.753317017255636934e-01,-5.153825346229946591e-01,2.571360220217282500e+00,-3.297221316013775327e-01
4.669926904196751849e+01,4.516114878325241944e-01,-1.455685021561452075e+01,4.108002992206563064e-01,-5.390194724640788859e-01,2.546470364125801300e+00,-2.389728606260281274e-01
4.689883856778789095e+01,3.880171374064472212e-01,-1.436246011274336709e+01,2.544993246621896077e-01,-5.614784769011332832e-01,2.527203587690785458e+00,-1.100405053195785271e-01
4.709840809360827052e+01,3.329649421232979134e-01,-1.415935355116283212e+01,9.767057617343222198e-02,-5.859146167345666845e-01,2.518024058266195464e+00,-6.253097406793969165e-03
4.729797761942864298e+01,3.446982710709040609e-01,-1.399297861758971351e+01,-5.707410797833500915e-02,-6.024819260358914574e-01,2.517609833317166146e+00,0.000000000000000000e+00
4.749754714524901544e+01,4.189064302110843685e-01,-1.379942342928150723e+01,-2.268468320323111520e-01,-6.034684743108703620e-01,2.517609833317166146e+00,0.000000000000000000e+00
4.769711667106938791e+01,4.906689299557882578e-01,-1.360669180541478340e+01,-3.626158259494092206e-01,-5.923265065294682774e-01,2.517609833317166146e+00,7.062179480465709258e-02
4.789668619688976037e+01,5.621894667089880615e-01,-1.342683235479777615e+01,-5.110336662274237440e-01,-5.807827348666397826e-01,2.523033504854551357e+00,1.279124675339434192e-01
4.809625572271013993e+01,6.383960531857928444e-01,-1.322806151236733108e+01,-6.671152431830984497e-01,-5.667152674912658838e-01,2.533803014562524325e+00,1.865986022974363556e-01
4.829582524853051240e+01,7.220014154132500250e-01,-1.307288793788899639e+01,-7.705815474941570820e-01,-5.487042386640436087e-01,2.546750601851500928e+00,2.661379830845466699e-01
4.849539477435088486e+01,9.053621392829708237e-01,-1.296993198817105153e+01,-8.617296475429454539e-01,-5.191592395846504893e-01,2.568631917313955348e+00,3.996548660050860957e-01
4.869496430017125732e+01,1.085828773116113588e+00,-1.288518372989924110e+01,-9.624318875653780081e-01,-4.890080263310401798e-01,2.599467728209479134e+00,5.206590863840334649e-01
4.889453382599163689e+01,1.262133210742360179e+00,-1.280353337590202578e+01,-1.059391727518356863e+00,-4.585088208099141194e-01,2.638096664714407957e+00,6.339830964219882459e-01
4.909410335181200935e+01,1.458784302860351767e+00,-1.272986772420233237e+01,-1.164249505632073634e+00,-4.289249754892142108e-01,2.688088860328135432e+00,7.256645954219744787e-01
4.929367287763238181e+01,1.639274158681264026e+00,-1.265946041961805335e+01,-1.243280922468769312e+00,-4.003333823738280395e-01,2.739889952789164695e+00,8.196985181773494000e-01
4.949324240345275427e+01,1.819601089874426592e+00,-1.259775751168141689e+01,-1.289051226926906546e+00,-3.646556861728428856e-01,2.796328270657159720e+00,9.735924393686816725e-01
4.969281192927312674e+01,2.024658828991618531e+00,-1.253828758625922291e+01,-1.330831728988063789e+00,-3.360946322683203702e-01,2.869702057327337297e+00,1.057196879629453745e+00
4.989238145509350630e+01,2.217395989111171861e+00,-1.249792343603405165e+01,-1.377020518428700990e+00,-3.049765325339318101e-01,2.941352248199467834e+00,1.186479350391232979e+00
5.009195098091387877e+01,2.410982608181926778e+00,-1.246490655816682214e+01,-1.417028229826668984e+00,-2.708365588753527953e-01,3.019529672648747276e+00,1.355631574843870535e+00
5.029152050673425123e+01,2.608835098764001437e+00,-1.243183406981845707e+01,-1.454285847462946535e+00,-2.509713781068443894e-01,3.108284466942027091e+00,1.400257014298104785e+00
5.049109003255462369e+01,2.810752052860399086e+00,-1.241842702568825629e+01,-1.496835563657927581e+00,-2.315098638503938488e-01,3.198147705195955925e+00,1.457082676777066377e+00
5.069065955837500326e+01,2.999181899886146585e+00,-1.241702605437244600e+01,-1.541021699524198985e+00,-2.083599067240512470e-01,3.282876734369538418e+00,1.579447016748407373e+00
5.089022908419537572e+01,3.210185617951311965e+00,-1.242125114539215147e+01,-1.575588434407680483e+00,-1.864502194887478759e-01,3.382891019604733263e+00,1.691272702941485351e+00
5.108979861001574818e+01,3.410426710251810434e+00,-1.242737954528479527e+01,-1.614336503244527155e+00,-1.603077864166618793e-01,3.481607872631657941e+00,1.881814197606400896e+00
5.128936813583612064e+01,3.602695751908986388e+00,-1.242966046524036017e+01,-1.654960973786560707e+00,-1.404390563470342690e-01,3.584030346072982987e+00,2.021021908110885335e+00
5.148893766165649311e+01,3.807708224600977243e+00,-1.245044688687040413e+01,-1.682330079576657589e+00,-1.297313348029341118e-01,3.698403905137785497e+00,2.050509966080219737e+00
5.168850718747687267e+01,4.002009855408686256e+00,-1.247939529220469446e+01,-1.704100753800644075e+00,-1.199115640571923047e-01,3.805761616568133388e+00,2.088222312551038407e+00
5.188807671329724513e+01,4.199422042706171254e+00,-1.250742159088047600e+01,-1.728314105910197851e+00,-1.053634459410619784e-01,3.913638949161483360e+00,2.211193423304991690e+00
5.208764623911761760e+01,4.395673547713678353e+00,-1.255137499954071068e+01,-1.748129715774617177e+00,-9.379857569331660760e-02,4.025663993934906593e+00,2.304903040736635766e+00
5.228721576493799006e+01,4.585453911665336335e+00,-1.259858942814724081e+01,-1.772306325959531081e+00,-8.125882566558915998e-02,4.136120008873311882e+00,2.434865555891482458e+00
5.248678529075836963e+01,4.784045642684877642e+00,-1.263943304796076461e+01,-1.785775922570195462e+00,-6.408633836476991530e-02,4.253800474549699118e+00,2.665369340415991939e+00
5.268635481657874209e+01,4.979324146549789276e+00,-1.268256251563462200e+01,-1.794077643263304322e+00,-4.680775815262515349e-02,4.377314723007950548e+00,2.928121967112599311e+00
5.288592434239911455e+01,5.171662645292406602e+00,-1.273279962088837713e+01,-1.803587365367837814e+00,-3.081045313153711607e-02,4.508331489449676432e+00,-2.811841833201488505e+00
5.308549386821948701e+01,5.365277780292641019e+00,-1.277772003377635635e+01,-1.804100484041813335e+00,-9.385373561073835635e-03,4.382613582340461278e+00,-3.576633881681068328e+00
5.328506339403985947e+01,5.559724532231024696e+00,-1.282944732450641823e+01,-1.803828040105537323e+00,1.397828490385953290e-02,4.215210146200344177e+00,-3.256295382892374413e+00
5.348463291986023904e+01,5.755767444184406223e+00,-1.287581309014763598e+01,-1.806859646340222003e+00,3.455904739341460891e-02,4.056602889500671161e+00,-3.020317670616325501e+00
5.368420244568061150e+01,5.945061693361904709e+00,-1.292059895251311019e+01,-1.809445608573529762e+00,5.265900381233899752e-02,3.909092189947370510e+00,-2.841129982430057765e+00
5.388377197150098397e+01,6.139214373041770756e+00,-1.296732568820404019e+01,-1.797567177333867727e+00,6.954975948583891343e-02,3.761153401472598468e+00,-2.727777399077534248e+00
5.408334149732135643e+01,6.337954410587465226e+00,-1.301292187156404800e+01,-1.791414975301501844e+00,8.418242067943898510e-02,3.610244935918747622e+00,-2.298933746537880296e+00
5.428291102314173600e+01,6.529275089934099441e+00,-1.305994287654029584e+01,-1.778621553598988214e+00,1.258297571015333238e-01,3.482531194197723945e+00,-1.995300884878469683e+00
5.448248054896210846e+01,6.724089457105742795e+00,-1.310610721842902571e+01,-1.752629166838351349e+00,1.615048262445430705e-01,3.365868049883620206e+00,-1.704328713912849791e+00
5.468205007478248092e+01,6.919601541208423967e+00,-1.315460400213158820e+01,-1.727849741508881820e+00,1.992655598820846363e-01,3.262274911170198521e+00,-1.422647776207797365e+00
5.488161960060285338e+01,7.115589679819077418e+00,-1.318134084418231566e+01,-1.698564984843114800e+00,2.383373826024264008e-01,3.174843033616704169e+00,-1.213573898119562067e+00
5.508118912642322584e+01,7.310035555284170705e+00,-1.321386910172468099e+01,-1.651797194269138735e+00,2.719917845141599511e-01,3.098567612478924094e+00,-9.644327815769140333e-01
5.528075865224360541e+01,7.516236023509316411e+00,-1.324201674948489327e+01,-1.599168179985653859e+00,3.109413688429682465e-01,3.033100674630977434e+00,-7.075810606473899034e-01
5.548032817806397787e+01,7.707310949872907102e+00,-1.323463108735369609e+01,-1.544391425554505703e+00,3.491304177106638873e-01,2.988159262777214220e+00,-4.684240824819311810e-01
5.567989770388435034e+01,7.906226424611850767e+00,-1.323116422347925436e+01,-1.493918105380608985e+00,3.839283731978838654e-01,2.956808056099073045e+00,-2.512524837368130259e-01
5.587946722970472280e+01,8.118195499998458686e+00,-1.322156241620932882e+01,-1.450713855479999426e+00,4.138154964936330837e-01,2.938722365670326742e+00,-1.382452541546673463e-01
5.607903675552509526e+01,8.294729448886172918e+00,-1.317176990726789931e+01,-1.412124800226479682e+00,4.294226917018320044e-01,2.930081018780942959e+00,-7.835521729048375295e-02
5.627860628134547483e+01,8.486140797060610197e+00,-1.311547768503446321e+01,-1.270070626782613621e+00,4.379936085163304571e-01,2.924740731651615633e+00,-5.286018776591191320e-02
5.647817580716584729e+01,8.685802525669224394e+00,-1.305429633685817414e+01,-1.141147090743688697e+00,4.421150946688912065e-01,2.920964099240222822e+00,-1.522477535549112554e-02
5.667774533298621975e+01,8.872930167959484749e+00,-1.300413902551458456e+01,-9.987309773033253846e-01,4.468351114734650520e-01,2.919954140647395668e+00,0.000000000000000000e+00
5.687731485880659221e+01,9.076857461452830123e+00,-1.294468837329404032e+01,-8.522897967431325439e-01,4.486207717268891337e-01,2.919954140647395668e+00,0.000000000000000000e+00
5.707688438462697178e+01,9.161298297183169126e+00,-1.291763618248913481e+01,-7.184750547912470697e-01,4.432761581399713990e-01,2.919954140647395668e+00,4.556888191170845731e-02
5.727645391044734424e+01,9.217313687099130348e+00,-1.271445886341551379e+01,-5.627396093469521077e-01,4.350924749323538121e-01,2.923241378287920522e+00,1.069868025025870195e-01
5.747602343626771670e+01,9.267191535626283283e+00,-1.251989918379388556e+01,-4.133438081004969789e-01,4.280371407250131432e-01,2.930583055510926904e+00,1.488813283122557007e-01
5.767559296208808917e+01,9.318367866832080182e+00,-1.232190569865657892e+01,-2.770375408117453642e-01,4.225766084009233703e-01,2.940953866467792110e+00,1.700463229975667789e-01
5.787516248790846163e+01,9.357463330092674170e+00,-1.213791064265994635e+01,-1.458679290867288536e-01,4.183755619516851265e-01,2.951809953030956279e+00,1.796175848594674385e-01
5.807473201372884120e+01,9.369554472741404183e+00,-1.194251830037849693e+01,-7.742131611263447510e-02,4.130280784441872077e-01,2.963698376090636799e+00,1.971645421443823099e-01
5.827430153954921366e+01,9.360261510876972224e+00,-1.172968388284422403e+01,-3.041801831981727489e-02,3.807093645882428934e-01,2.977837273642216065e+00,4.490540642437848562e-01
5.847387106536958612e+01,9.354267835427677369e+00,-1.153025096543319528e+01,1.202482918365510578e-02,3.525442776353260865e-01,3.007774596445262016e+00,6.356348550461912161e-01
5.867344059118995858e+01,9.348913819535789926e+00,-1.133020101647056954e+01,5.564368482418480255e-02,3.222012862526877908e-01,3.049773192960881119e+00,8.281682909302601203e-01
5.887301011701033815e+01,9.342600707956115968e+00,-1.113582065725364245e+01,9.205570889099745635e-02,2.916955901021754949e-01,3.102135649767599812e+00,1.017941699055410210e+00
5.907257964283071061e+01,9.314586797273406660e+00,-1.094166739488728624e+01,1.174910594802875963e-01,2.649151449524408397e-01,3.165850972424058885e+00,1.169858188656570208e+00
5.927214916865108307e+01,9.277392242434155278e+00,-1.073997044619543395e+01,1.374557982196014105e-01,2.339634661040263242e-01,3.240753459298957306e+00,1.367802678374595571e+00
5.947171869447145554e+01,9.243436282621175337e+00,-1.054447752452038323e+01,1.640719586054846246e-01,2.062653509276697883e-01,3.323444260430495678e+00,1.546741083289868257e+00
5.967128822029182800e+01,9.208501628399247352e+00,-1.034948375419234168e+01,1.927501618464730893e-01,1.873003329856805510e-01,3.414395379963916177e+00,1.641434772673370901e+00
5.987085774611220756e+01,9.173561964797405821e+00,-1.014583868763429031e+01,2.191863947906087517e-01,1.815726658310437835e-01,3.512321803563618783e+00,1.412995531455244924e+00
6.007042727193258003e+01,9.135296630582782740e+00,-9.957865682113832051e+00,2.364315550856557202e-01,1.913039653160387987e-01,3.588664018684067258e+00,-1.235628605760487719e+00
6.026999679775295249e+01,9.089152479461628076e+00,-9.769785305186809765e+00,2.494891205424158986e-01,2.088214502643813697e-01,3.521353452339260226e+00,-1.116384693304570019e+00
6.046956632357332495e+01,9.029360324442730956e+00,-9.567777870296827913e+00,2.659947956236765609e-01,2.270508965534639712e-01,3.453918245930307496e+00,-1.022944843385450220e+00
6.066913584939369741e+01,8.967709754358411445e+00,-9.377043537648729554e+00,2.873001810199438122e-01,2.432455306055407718e-01,3.394031785941496793e+00,-8.333826826039726354e-01
6.086870537521407698e+01,8.909434158053645803e+00,-9.191323126312436642e+00,3.119812152685756956e-01,2.672275563351938499e-01,3.345895702628373325e+00,-6.532132729210020639e-01
6.106827490103444944e+01,8.847074509679448084e+00,-9.001281916404478167e+00,3.389047424246376394e-01,2.900922272404862223e-01,3.306617367518796868e+00,-4.802884895802932985e-01
6.126784442685482190e+01,8.785294412421821519e+00,-8.808643633184953359e+00,3.710999504464809196e-01,3.114433034683118939e-01,3.277101054520778600e+00,-2.791396760000026123e-01
6.146741395267519437e+01,8.718493213247482387e+00,-8.617733800714372450e+00,4.099417574556645238e-01,3.336817409849167082e-01,3.259827286454365591e+00,-2.080777316325038429e-01
6.166698347849557393e+01,8.647173242123949777e+00,-8.449733991688972878e+00,4.705512319872640070e-01,3.428193123588776370e-01,3.248156515546603007e+00,-1.914073739162681920e-01
6.186655300431594640e+01,8.565451733536102452e+00,-8.260303926086452364e+00,5.788594873501247129e-01,3.469968423316161510e-01,3.235976480175521086e+00,-1.350582414361151951e-01
6.206612253013631886e+01,8.468794134058221346e+00,-8.067105534069868966e+00,6.861475168009478764e-01,3.543526461542277350e-01,3.226947617060586193e+00,-7.537694609821117553e-02
6.226569205595669132e+01,8.365330618439893229e+00,-7.909678181263711139e+00,8.030699378878902728e-01,3.610686896106798938e-01,3.222544256713215205e+00,-2.732324675698919597e-02
6.246526158177706378e+01,8.237901520567840308e+00,-7.746498343054758706e+00,9.182736244289664285e-01,3.660948582623672065e-01,3.220788325927758322e+00,0.000000000000000000e+00
6.266483110759744335e+01,8.100188210129783073e+00,-7.671538290579275277e+00,1.026531588841646858e+00,3.687288107545653726e-01,3.220788325927758322e+00,0.000000000000000000e+00
6.286440063341781581e+01,7.890955795574992493e+00,-7.632919665612274862e+00,1.158665242970035258e+00,3.661698665963854515e-01,3.220788325927758322e+00,2.654514949620561878e-02
6.306397015923818827e+01,7.693830583069790841e+00,-7.592963129055454452e+00,1.275362424171487152e+00,3.626298643964029345e-01,3.222445609018254942e+00,5.939502552059188617e-02
6.326353968505856074e+01,7.492970865148135040e+00,-7.561206830752974284e+00,1.380547646081637492e+00,3.551540363537109002e-01,3.226191594598503354e+00,1.284459087440487368e-01
6.346310921087894030e+01,7.304074828610259473e+00,-7.536845659684727750e+00,1.495926095071019812e+00,3.426150756338141590e-01,3.233765596591192004e+00,2.421919491955323023e-01
6.366267873669931276e+01,7.112437014825133907e+00,-7.520847716983183773e+00,1.561075914037032497e+00,3.243554018348580037e-01,3.248136249168110279e+00,4.029243061740221954e-01
6.386224826251968523e+01,6.897000261971826696e+00,-7.530911647791635133e+00,1.604186300496362350e+00,2.931026073145253097e-01,3.274780576464775272e+00,6.817125874575682420e-01
6.406181778834006479e+01,6.705875963780107085e+00,-7.530578578711843107e+00,1.650791346409537397e+00,2.615996794093381483e-01,3.314328272723193081e+00,9.513871927395016748e-01
6.426138731416043015e+01,6.516384712556158476e+00,-7.553612378512350567e+00,1.690655264026158733e+00,2.277462388055751796e-01,3.368677042468604554e+00,1.240539094480343385e+00
6.446095683998080972e+01,6.315056329793942602e+00,-7.602264874567879360e+00,1.727222340997631278e+00,1.929806848692459664e-01,3.444107264193206674e+00,1.535887268140854856e+00
6.466052636580117507e+01,6.121862038647707394e+00,-7.652307537937285353e+00,1.759040859391923561e+00,1.570126456452740349e-01,3.531983832762279896e+00,1.866281408917531026e+00
6.486009589162155464e+01,5.925943657834558564e+00,-7.698555763378202244e+00,1.773508148195579892e+00,1.153082267737854105e-01,3.636796117957120433e+00,2.299900414123331682e+00
6.505966541744193421e+01,5.734811189188118163e+00,-7.750010058629809961e+00,1.786302144142572601e+00,7.781884127228776149e-02,3.759888036606871875e+00,2.724893869371995958e+00
6.525923494326229957e+01,5.539236989017274126e+00,-7.796507165228881320e+00,1.788658403012519216e+00,4.292988509470553604e-02,3.902858479733790631e+00,3.171078926122625319e+00
6.545880446908267913e+01,5.343189626737334663e+00,-7.846105678414343920e+00,1.777452321118703438e+00,6.483394063411097516e-03,4.063845639879367866e+00,3.717927775407824598e+00
6.565837399490304449e+01,5.153689660988697518e+00,-7.893989192349868844e+00,1.765180306816450440e+00,-1.818918788402146963e-02,4.238894236418762063e+00,3.498172591400272591e+00
6.585794352072342406e+01,4.953935821299707776e+00,-7.930279104391248168e+00,1.748746454519626070e+00,-3.679070498074932943e-02,4.403254143409946586e+00,3.111678006353986170e+00
6.605751304654380363e+01,4.757691713182262028e+00,-7.957046261871959736e+00,1.730293996290618530e+00,-5.800119464499137872e-02,4.541062902192479100e+00,2.628942732587447040e+00
6.625708257236416898e+01,4.563605918172783937e+00,-7.985910070530722216e+00,1.712094115603935762e+00,-7.618190272619752845e-02,4.653273715085285644e+00,2.175436591894425842e+00
6.645665209818454855e+01,4.362026541876650398e+00,-8.011715613560939531e+00,1.688534899865896222e+00,-9.265736804289199935e-02,4.747331883513932205e+00,1.736766070105448145e+00
6.665622162400492812e+01,4.164435461277652628e+00,-8.037665781069714299e+00,1.653230373626242589e+00,-1.050009570557777633e-01,4.819688035247624569e+00,1.385891528678991014e+00
6.685579114982529347e+01,3.969592903191751621e+00,-8.050410467031129613e+00,1.618905405778685136e+00,-1.112245448912659168e-01,4.875511065424021240e+00,1.181124926830844357e+00
6.705536067564567304e+01,3.765319647935501113e+00,-8.066830522402698378e+00,1.585967809223515879e+00,-1.169771913925466145e-01,4.924907010410082719e+00,9.877522559790694601e-01
6.725493020146603840e+01,3.567417694264643391e+00,-8.076989979940709219e+00,1.551897582319107904e+00,-1.197915120178996290e-01,4.964491925755947221e+00,8.725968226440302677e-01
6.745449972728641796e+01,3.369648679787780488e+00,-8.079547256230435792e+00,1.521803852649851407e+00,-1.196879660132710993e-01,4.999135341366456764e+00,8.338356525168124644e-01
6.765406925310679753e+01,3.169232116699155277e+00,-8.057947613004587950e+00,1.488475762015595283e+00,-1.185749157827746675e-01,5.032645285864422391e+00,8.217916181803281983e-01
6.785363877892716289e+01,2.982746507782371381e+00,-8.025184437008869409e+00,1.457340229544254129e+00,-1.151391075325853830e-01,5.063468923757351803e+00,8.729809439506166502e-01
6.805320830474754246e+01,2.776319792854475388e+00,-7.987108917727205437e+00,1.419285928163214638e+00,-1.102876844320178351e-01,5.099530412618789477e+00,9.569455585935380260e-01
6.825277783056790781e+01,2.578188618912847563e+00,-7.948383708537525294e+00,1.386583539962936928e+00,-1.057898425928158609e-01,5.137274286766380982e+00,1.033038155183937157e+00
6.845234735638828738e+01,2.384243755895264716e+00,-7.914741541392290358e+00,1.357390600915954870e+00,-9.987168665396807532e-02,5.176705106632596198e+00,1.148611000327186771e+00
6.865191688220866695e+01,2.189125156185406595e+00,-7.874688807363013687e+00,1.339941035185781892e+00,-9.103079263335868421e-02,5.220713809810898276e+00,1.343878126281949914e+00
6.885148640802903230e+01,2.001216762144583328e+00,-7.826123001141833235e+00,1.329567554524843320e+00,-8.242989818595936047e-02,5.270436454389232139e+00,1.535303468539165106e+00
6.905105593384941187e+01,1.804383169808538412e+00,-7.767433817493785142e+00,1.319400491782379614e+00,-7.417804314949871802e-02,5.329933727728352721e+00,1.717735793643972553e+00
6.925062545966977723e+01,1.614031472494457109e+00,-7.713024943872118122e+00,1.310523697998162262e+00,-6.564203103740057221e-02,5.393359896550140142e+00,1.915582875397200846e+00
6.945019498549015680e+01,1.421905433503837912e+00,-7.657460598571413257e+00,1.299730908645232663e+00,-5.810238804147899866e-02,5.463932861664525298e+00,2.090378635462088575e+00
6.964976451131053636e+01,1.230258493044684487e+00,-7.602200152578834746e+00,1.291901512477266589e+00,-4.975240678453420745e-02,5.539714337419048285e+00,2.298176501274136641e+00
6.984933403713090172e+01,1.038484303722328139e+00,-7.546858111210567266e+00,1.289181312646443978e+00,-4.195171655631189933e-02,5.621909470331125647e+00,2.499079664166540926e+00
7.004890356295128129e+01,8.467437733102780584e-01,-7.491537268858154519e+00,1.290092778572121901e+00,-3.241762139287168720e-02,5.709930533305287881e+00,2.768078347400245498e+00
7.024847308877164664e+01,6.549943429107769610e-01,-7.436211138657402131e+00,1.289845541146730667e+00,-2.422439930956899953e-02,5.805873436568844248e+00,3.008439918066729835e+00
7.044804261459202621e+01,4.632473436172798720e-01,-7.380886075731111440e+00,1.289907996897628806e+00,-1.691040303031575084e-02,5.908379547819508915e+00,3.234675605056050340e+00
7.064761214041240578e+01,2.714996390866739051e-01,-7.325561141247179719e+00,1.289890931208399039e+00,-1.253862522639209547e-02,6.016646474627725283e+00,3.371101330452304090e+00
7.084718166623277114e+01,7.975198112666781469e-02,-7.270236139618416082e+00,1.289895491890812984e+00,-9.939652032977414411e-03,6.127444279841280483e+00,3.451810064999949468e+00
7.104675119205315070e+01,-1.119954636450483237e-01,-7.214910806651803732e+00,1.289894271270942028e+00,-7.392390869624260175e-03,6.238856084426519288e+00,3.537263565864243731e+00
7.124632071787353027e+01,-3.037431027376860104e-01,-7.159585864186180260e+00,1.289894602158700998e+00,-5.168429154349556999e-03,6.350998776356285624e+00,3.616530451536498436e+00
7.144589024369389563e+01,-4.954905768570883606e-01,-7.104260489792331157e+00,1.289894532040464892e+00,-2.464384746068262310e-03,6.463643237818724963e+00,3.722041248671731584e+00
7.164545976951427519e+01,-6.872381883510334522e-01,-7.048935551031461522e+00,1.289894477407358409e+00,-5.028378364259305892e-04,6.577560027461458958e+00,3.803245075047675172e+00
7.184502929533464055e+01,-8.789858142030073651e-01,-6.993610647149230530e+00,1.289894545934376247e+00,1.786804244990146243e-04,6.691959322458673753e+00,1.107327592209189637e+00
7.204459882115502012e+01,-1.070733305177326233e+00,-6.938285261108607216e+00,1.289894541571218411e+00,-4.965143882184449230e-05,6.724901283669042940e+00,-3.822754514693948114e+00
7.224416834697539969e+01,-1.262480897870398744e+00,-6.882960348432280107e+00,1.289894502293055023e+00,1.226777342682720268e-05,6.610483103531797688e+00,-3.824463914933327491e+00
7.244373787279576504e+01,-1.454228454455919417e+00,-6.827634979067044085e+00,1.289894578632124311e+00,-3.361814735225043025e-06,6.493996724493716677e+00,-3.824858225429352387e+00
7.264330739861614461e+01,-1.645975925436854448e+00,-6.772309998490684713e+00,1.289894485368372923e+00,8.914459796812170137e-07,6.375370116495229666e+00,-3.824963766862109704e+00
7.284287692443650997e+01,-1.837723634353484403e+00,-6.716985124497213633e+00,1.289894521664026961e+00,-2.595917360823945555e-07,6.254490477917997282e+00,-3.824989845120736476e+00
7.304244645025688953e+01,-2.029471160383348405e+00,-6.661659759022372285e+00,1.289894572971784115e+00,8.458776979006201278e-08,6.131227287217139832e+00,-3.824996820180885937e+00
7.324201597607726910e+01,-2.221218711188561290e+00,-6.606334760445506049e+00,1.289894478886767448e+00,-2.977744021103217790e-08,6.005434436295377765e+00,-3.824998829263622113e+00
7.344158550189763446e+01,-2.412966303611834284e+00,-6.551009510481647702e+00,1.289894586740996552e+00,3.389652606475012025e-08,5.876949536012461728e+00,-3.824997807664871186e+00
7.364115502771801403e+01,-2.604713703499629052e+00,-6.495684439057033188e+00,1.289894490305665276e+00,-6.641058847564119963e-08,5.745592321997422758e+00,-3.824993747659587218e+00
7.384072455353837938e+01,-2.796461437381424275e+00,-6.440359579394760559e+00,1.289894495998257007e+00,1.985807651917372543e-07,5.611160844873858800e+00,-3.824981028744772082e+00
7.404029407935875895e+01,-2.988209019878252271e+00,-6.385034273518698456e+00,1.289894600290082405e+00,-6.332527325092446716e-07,5.473429104913108745e+00,-3.824953706669049769e+00
7.423986360517913852e+01,-3.179956512552099657e+00,-6.329709194276486706e+00,1.289894506621243941e+00,1.628227243093719504e-06,5.332142004121794621e+00,-3.824879920613152962e+00
7.443943313099950387e+01,-3.371704149770593961e+00,-6.274384025670777021e+00,1.289894578582176710e+00,-4.463075095494992992e-06,5.187010578041067355e+00,-3.824879920534119293e+00
7.463900265681988344e+01,-3.563451517998463824e+00,-6.219058874435480888e+00,1.289894489317428228e+00,-2.983544601551145076e-06,5.037699984638992490e+00,-3.823680908639943699e+00
7.483857218264026301e+01,-3.755199236302755761e+00,-6.163734009557493287e+00,1.289894455758819447e+00,-5.530261947245994824e-05,4.883875524688619407e+00,-3.768794002899027884e+00
7.503814170846062837e+01,-3.946946851184344851e+00,-6.108408835071323928e+00,1.289894608893764172e+00,-2.515038513037360680e-03,4.727363616707719096e+00,-3.690075678441048002e+00
7.523771123428100793e+01,-4.138694312118479601e+00,-6.053083667864966877e+00,1.289894483305308537e+00,-6.463405237033790357e-03,4.568929203114628024e+00,-3.556655041394689132e+00
7.543728076010137329e+01,-4.330441994864104416e+00,-5.997758541310778568e+00,1.289894667334737566e+00,-1.379274628222837244e-02,4.410840429036483989e+00,-3.307116262761331082e+00
7.563685028592175286e+01,-4.522189373754154751e+00,-5.942433290532342482e+00,1.289894212336765378e+00,-2.855632931307686487e-02,4.258581330942258880e+00,-2.941836374366343154e+00
7.583641981174213242e+01,-4.713936990543541761e+00,-5.887108394950081980e+00,1.289895338547759174e+00,-5.206929524705776469e-02,4.118411491853269268e+00,-2.591050737359917644e+00
7.603598933756249778e+01,-4.905684767040142447e+00,-5.831783351176548891e+00,1.289892014012267385e+00,-7.747471309483790203e-02,3.990879942232225197e+00,-2.275000439137871311e+00
7.623555886338287735e+01,-5.097431793952972079e+00,-5.776458145460319216e+00,1.289901001183831664e+00,-1.032020075907022216e-01,3.875446221732123497e+00,-1.917365156338957766e+00
7.643512838920324270e+01,-5.289180895675594130e+00,-5.721132936548562142e+00,1.289876764756514138e+00,-1.338335888120137651e-01,3.775418166532134912e+00,-1.584143053827211656e+00
7.663469791502362227e+01,-5.480923810797692752e+00,-5.665808125094136116e+00,1.289882576876745013e+00,-1.645087831078873575e-01,3.690732093535783687e+00,-1.286280864774745236e+00
7.683426744084400184e+01,-5.672685067295216044e+00,-5.610481693295189309e+00,1.289673787313132092e+00,-1.936761369775323594e-01,3.620505996664009629e+00,-1.038300808682238729e+00
7.703383696666436720e+01,-5.864393172670876453e+00,-5.555161013180033081e+00,1.279856072102447229e+00,-2.195337151096191097e-01,3.562824518220484293e+00,-7.784958977736712304e-01
7.723340649248474676e+01,-6.056247074612788772e+00,-5.499823802193883893e+00,1.264096504519972353e+00,-2.460265589195067548e-01,3.518924001600523876e+00,-5.137684959246876515e-01
7.743297601830511212e+01,-6.247741204519666525e+00,-5.444521494548998142e+00,1.234842350034895730e+00,-2.719023383914034864e-01,3.489701671093130120e+00,-4.875889913615585880e-01
7.763254554412549169e+01,-6.439900819237951879e+00,-5.389089367021116850e+00,1.175915028302041421e+00,-2.785124464834106695e-01,3.461645120355766991e+00,-4.361011421500610719e-01
7.783211506994587126e+01,-6.631637706061287219e+00,-5.333333809479187337e+00,1.082065604753128962e+00,-2.869801565476969296e-01,3.436397304027699828e+00,-3.765335879569878808e-01
7.803168459576623661e+01,-6.806309590311668600e+00,-5.262665844179103658e+00,9.806627651819561642e-01,-2.955761826605225462e-01,3.415688693841966828e+00,-3.510299866538499347e-01
7.823125412158661618e+01,-6.998427569676858973e+00,-5.174426990288718997e+00,8.779749922495025949e-01,-3.015990441316462323e-01,3.393892266984160244e+00,-3.133979618967264735e-01
7.843082364740698154e+01,-7.174753835580915506e+00,-5.062707726532039487e+00,7.557124614211270242e-01,-3.083688539326703837e-01,3.374561853275638068e+00,-2.621000318561516607e-01
7.863039317322736110e+01,-7.215604869606746519e+00,-4.942840754010175530e+00,6.332756925548719273e-01,-3.147080989724715949e-01,3.364711673189269892e+00,-1.946139309188998634e-01
7.882996269904774067e+01,-7.283605101501197332e+00,-4.753860696248735529e+00,5.168573593722611825e-01,-3.228987025092077134e-01,3.353074910614510351e+00,-1.684648285899696396e-01
7.902953222486810603e+01,-7.353560807561370538e+00,-4.557792328627676248e+00,4.136498203735294865e-01,-3.272661410911464341e-01,3.342599468514952044e+00,-1.399801724379706735e-01
7.922910175068848559e+01,-7.402951783153488563e+00,-4.381937207586145355e+00,3.079064092496237581e-01,-3.313320354196954143e-01,3.334941347455932181e+00,-1.367352425445456932e-01
7.942867127650886516e+01,-7.443941833566092292e+00,-4.175105806355848159e+00,2.046262524902691116e-01,-3.312531037759556263e-01,3.326284931131100908e+00,-1.257593453253319504e-01
7.962824080232923052e+01,-7.475476447572999561e+00,-3.978499810860662400e+00,1.782422747414349473e-01,-3.358644142615534456e-01,3.318748154024714125e+00,-1.165023796020280694e-01
7.982781032814961009e+01,-7.512452014729267269e+00,-3.783685949748186950e+00,1.444454633061482696e-01,-3.381232711611968922e-01,3.311779941301914665e+00,-6.749998041007766736e-02
8.002737985396997544e+01,-7.543438917709960556e+00,-3.583469333795088918e+00,1.101320416651334622e-01,-3.434475462475864993e-01,3.307648008340804857e+00,-6.609378848040290723e-03
8.022694937979035501e+01,-7.563983444333411299e+00,-3.396064796423958310e+00,8.610143667921854593e-02,-3.490926606970025659e-01,3.307271269573437866e+00,-5.119613693865416801e-03
8.042651890561073458e+01,-7.564323608564072821e+00,-3.185542960075952834e+00,5.905624561420652618e-02,-3.483708780022453655e-01,3.306945367976237726e+00,-1.103938738444481572e-02
8.062608843143109993e+01,-7.567108827238955726e+00,-2.991712230244492066e+00,3.375965520139612153e-02,-3.460375792789558980e-01,3.306298183763764609e+00,-4.210276558689401288e-02
8.082565795725147950e+01,-7.568745290498214651e+00,-2.793575361717336225e+00,8.589683576010198607e-04,-3.464799654829652242e-01,3.303774037468378388e+00,-1.185674951232371793e-02
8.102522748307184486e+01,-7.571266121132629756e+00,-2.589024562857813461e+00,-2.639089979002617881e-02,-3.495067019666365793e-01,3.303039797997047167e+00,-1.086939421195996444e-02
8.122479700889222443e+01,-7.575239058789660085e+00,-2.385904114851356006e+00,-5.837903943618649727e-02,-3.491012486160633421e-01,3.302371189031065857e+00,-1.515731826392547124e-02
8.142436653471260399e+01,-7.561322442602500082e+00,-2.189809998322754581e+00,-8.731814690700034909e-02,-3.477554375432649891e-01,3.301468763590386324e+00,0.000000000000000000e+00
8.162393606053296935e+01,-7.542375102073222592e+00,-1.997637238306183116e+00,-1.646510095802753426e-01,-3.509272186183682307e-01,3.301468763590386324e+00,0.000000000000000000e+00
8.182350558635334892e+01,-7.514167028664875403e+00,-1.787089103499390985e+00,-2.675164131363463316e-01,-3.503716589411579041e-01,3.301468763590386324e+00,6.055431589764983386e-03
8.202307511217371427e+01,-7.490955044018963171e+00,-1.595220017034037374e+00,-3.901705137940791879e-01,-3.469369107371702565e-01,3.301823229668838344e+00,4.268108738163523680e-02
8.222264463799409384e+01,-7.447390265831048239e+00,-1.401158828295216985e+00,-5.153901430039669052e-01,-3.468233595537372205e-01,3.304393198357744144e+00,3.803073953255270423e-02
8.242221416381447341e+01,-7.389851656302613314e+00,-1.192505833149157368e+00,-6.347717572295865640e-01,-3.453941191220297191e-01,3.306883312432507438e+00,4.795047080500583481e-02
8.262178368963483877e+01,-7.250799266482687244e+00,-1.088012988858198637e+00,-7.478954196997533721e-01,-3.445959337602928496e-01,3.309404482795007318e+00,5.093087670558920504e-02
8.282135321545521833e+01,-7.076548476924664932e+00,-9.978012437496338594e-01,-8.660794889816363362e-01,-3.419105097309769192e-01,3.312422850193156965e+00,7.350826285944320193e-02
8.302092274127559790e+01,-6.885554366775348711e+00,-9.216576050105782514e-01,-9.813679152769634317e-01,-3.406234985882272137e-01,3.316982606366989828e+00,7.733300786644088654e-02
8.322049226709596326e+01,-6.703311156031166895e+00,-8.466377656692889442e-01,-1.085493003742540541e+00,-3.370780184499544974e-01,3.321574205724968643e+00,1.060670299440770181e-01
8.342006179291634282e+01,-6.515464122203083797e+00,-7.696727513275466448e-01,-1.183401502949051665e+00,-3.365060408504703116e-01,3.328050330794048328e+00,9.788634708306920285e-02
8.361963131873670818e+01,-6.333207349362858452e+00,-6.941955356535162158e-01,-1.222445297601173708e+00,-3.213666772344704881e-01,3.333847406841993433e+00,2.531576829422597097e-01
8.381920084455708775e+01,-6.152373220084919048e+00,-6.290417095276382708e-01,-1.254024653409544721e+00,-2.982155383682028593e-01,3.348411436213448500e+00,4.814493886179449511e-01
8.401877037037746732e+01,-5.952193809408894865e+00,-5.662070972298691718e-01,-1.274628653642920550e+00,-2.703740617758222942e-01,3.378444074175241951e+00,7.389817243173500971e-01
8.421833989619783267e+01,-5.763187077206613829e+00,-5.129601163827411936e-01,-1.298206031512148861e+00,-2.414202668531115203e-01,3.421125991005980804e+00,9.993923192770870489e-01
8.441790942201821224e+01,-5.576316858765011375e+00,-4.525604166029793540e-01,-1.319546565872377508e+00,-2.145018663461747965e-01,3.478022739171040101e+00,1.230247677114213012e+00
8.461747894783857760e+01,-5.377308054784190716e+00,-4.076341817764797537e-01,-1.341657286802016014e+00,-1.891704146904011896e-01,3.549454135354903173e+00,1.441712948730521138e+00
8.481704847365895716e+01,-5.176916661299574507e+00,-3.750822472720416467e-01,-1.363839397642666817e+00,-1.612007920483167489e-01,3.630979514654761431e+00,1.699726785207481328e+00
8.501661799947933673e+01,-4.985413274317342491e+00,-3.418444420040821496e-01,-1.385952301720617008e+00,-1.330022952852787654e-01,3.720853638776523642e+00,1.983616232785873068e+00
8.521618752529970209e+01,-4.789563661893557978e+00,-3.116518700841461875e-01,-1.403789045566759652e+00,-1.078617946930444937e-01,3.825037433060645586e+00,2.246883642250105950e+00
8.541575705112008166e+01,-4.596490170932785446e+00,-2.771228151106736592e-01,-1.430445167071394907e+00,-8.307107292779800090e-02,3.938566277065998822e+00,2.536376236651328941e+00
8.561532657694044701e+01,-4.392738208090359642e+00,-2.416094690898184516e-01,-1.447350917383323665e+00,-7.327070726317663762e-02,4.069578598062117969e+00,2.611529382287590018e+00
8.581489610276082658e+01,-4.191081659356052036e+00,-2.172426964992672516e-01,-1.457811084824541581e+00,-6.538222244177621656e-02,4.197903674618946646e+00,2.672808633063602279e+00
8.601446562858120615e+01,-3.999727397348904034e+00,-2.011380354252652325e-01,-1.469338979848669569e+00,-6.025202847932971395e-02,4.318439326925266997e+00,2.701364848279707687e+00
8.621403515440157150e+01,-3.803430476651990411e+00,-1.825892627989343098e-01,-1.478992706590038786e+00,-5.420937880266882974e-02,4.440065504491734316e+00,2.756306457297793333e+00
8.641360468022195107e+01,-3.599689016171309763e+00,-1.733023438107082481e-01,-1.490932472315412927e+00,-4.914178788607815457e-02,4.564920116666542960e+00,2.800959065843890539e+00
8.661317420604231643e+01,-3.399868427144774330e+00,-1.622807747428024194e-01,-1.502948418879890502e+00,-4.476971345663485063e-02,4.686104535639761259e+00,2.841876087433627518e+00
8.681274373186269600e+01,-3.201504394372749918e+00,-1.509352062536396533e-01,-1.509494801600661740e+00,-4.011827931113460394e-02,4.805087965840608710e+00,2.898714249940351539e+00
8.701231325768307556e+01,-3.001800450488253613e+00,-1.398989566627419912e-01,-1.512232015339052049e+00,-3.925556561324023558e-02,4.924267078886259696e+00,2.873115096879070407e+00
8.721188278350344092e+01,-2.802727624538952522e+00,-1.287389826934142167e-01,-1.516011548163048728e+00,-3.896992037699405914e-02,5.039257944501343012e+00,2.835393140957570779e+00
8.741145230932382049e+01,-2.603417788301971125e+00,-1.176090893928903175e-01,-1.514970595620858562e+00,-3.601213844946068304e-02,5.150351928829724812e+00,2.869737514303603465e+00
8.761102183514420005e+01,-2.403822089833953957e+00,-1.064582254637834874e-01,-1.514897303701886466e+00,-3.406068581383418781e-02,5.260559464572434507e+00,2.882422092057446594e+00
8.781059136096456541e+01,-2.206326711233853377e+00,-9.542155651335078315e-02,-1.514990636005294489e+00,-3.446804202570590003e-02,5.367848018872166449e+00,2.831844994232356694e+00
8.801016088678494498e+01,-2.001577100949973431e+00,-8.398377076723084755e-02,-1.515118028709630416e+00,-3.474579105907164150e-02,5.474964716270208420e+00,2.783486621115739190e+00
8.820973041260531033e+01,-1.804616781247188051e+00,-7.297501063939038080e-02,-1.514576831965461778e+00,-3.553923252783624392e-02,5.574354030892810563e+00,2.720674399481173733e+00
8.840929993842568990e+01,-1.611048268188838284e+00,-6.216954711060762584e-02,-1.515690632000177729e+00,-3.541485187050320144e-02,5.668186346370356787e+00,2.687179723523284824e+00
8.860886946424606947e+01,-1.408134063034291339e+00,-5.082866050282331544e-02,-1.520350696515109234e+00,-3.434840543275478192e-02,5.763729023305143251e+00,2.683926315508395444e+00
8.880843899006643483e+01,-1.207988991430663184e+00,-3.957007085981176231e-02,-1.523967117219715783e+00,-3.491823359727400794e-02,5.856331611553366123e+00,2.627422613181743305e+00
8.900800851588681439e+01,-1.009412679634527299e+00,-2.885142091487036958e-02,-1.542636594025515562e+00,-3.264774786827595587e-02,5.944882400832699254e+00,2.671175480293611848e+00
8.920757804170717975e+01,-8.106812657886356410e-01,-1.662900505347126440e-02,-1.559333216184648263e+00,-3.064041090685538579e-02,6.033682603590523996e+00,2.709525859488992161e+00
8.940714756752755932e+01,-6.097147050317546224e-01,-7.633354415468882569e-03,-1.574183674954125367e+00,-3.025436753864359229e-02,6.123354017720854969e+00,2.690598438213421151e+00
8.960671709334793889e+01,-4.103418007679329738e-01,-5.810466492895483351e-03,-1.583300415722996624e+00,-3.111485466052205454e-02,6.210344122421750157e+00,2.624950644797862775e+00
8.980628661916830424e+01,-2.105914455690473253e-01,-1.894473989788658837e-03,-1.595386500885078496e+00,-3.120598734576020966e-02,6.294223166244733214e+00,0.000000000000000000e+00
