0.000000000000000000e+00,0.000000000000000000e+00,-2.191225970569190828e-01,-1.556143351889142323e+00,-9.821201959180589011e-03,8.000000000000000000e+00,0.000000000000000000e+00
1.996572864184935625e-01,1.996365641516639755e-01,-2.164162667911761762e-01,-1.558013727037807161e+00,-9.620686291964079470e-03,8.000000000000000000e+00,0.000000000000000000e+00
3.993145728369871250e-01,3.993054704554982459e-01,-2.140395322715117898e-01,-1.559850805224056058e+00,-9.385087085811634131e-03,8.000000000000000000e+00,0.000000000000000000e+00
5.989718592554806875e-01,5.987963834201810442e-01,-2.119938582388216919e-01,-1.561639983835769963e+00,-9.162444376272905686e-03,8.000000000000000000e+00,0.000000000000000000e+00
7.986291456739742500e-01,7.968627241177513865e-01,-2.103177557330420666e-01,-1.563408343602715522e+00,-8.944268041441088418e-03,8.000000000000000000e+00,0.000000000000000000e+00
9.982864320924678125e-01,9.991702517038255627e-01,-2.089740582002513059e-01,-1.565208444166962920e+00,-8.731854566830994299e-03,8.000000000000000000e+00,0.000000000000000000e+00
1.197943718510961375e+00,1.197518424812778814e+00,-2.080494337874556343e-01,-1.566963270102227579e+00,-8.533897865522199408e-03,8.000000000000000000e+00,0.000000000000000000e+00
1.397601004929454938e+00,1.397719200951448304e+00,-2.074801442992641187e-01,-1.568682554441487076e+00,-8.350730821846558474e-03,8.000000000000000000e+00,0.000000000000000000e+00
1.597258291347948500e+00,1.597221562191414312e+00,-2.072765561361345488e-01,-1.570394839549054788e+00,-8.168797754948192713e-03,8.000000000000000000e+00,0.000000000000000000e+00
1.796915577766442063e+00,1.795906586973418761e+00,-2.074222140811923798e-01,-1.572012416792101908e+00,-8.000894376459134413e-03,8.000000000000000000e+00,-2.083949225198993727e+00
1.996572864184935625e+00,2.000724170029323457e+00,-2.079426688613795482e-01,-1.573624971725967825e+00,-7.841683736191330453e-03,7.946467036169535980e+00,-3.950258661360614099e+00
2.196230150603429188e+00,2.200286714297278401e+00,-2.087476237867065265e-01,-1.575170080808771189e+00,-7.692148579078999376e-03,7.846634832402579640e+00,-3.971832978168069683e+00
2.395887437021922750e+00,2.394461877782232406e+00,-2.098222195359434605e-01,-1.576668324199054005e+00,-7.534474473805544484e-03,7.747721725584708174e+00,-3.993161649021125914e+00
2.595544723440416313e+00,2.596799751691867719e+00,-2.111916853262104377e-01,-1.578123077358590587e+00,-7.379039136206369531e-03,7.642723287485961414e+00,-4.014421996361476452e+00
2.795202009858909875e+00,2.791207594080353349e+00,-2.127430597759552566e-01,-1.579535032751431034e+00,-7.218947441164976810e-03,7.539913747116761655e+00,-4.035038623255871038e+00
2.994859296277403438e+00,2.990546262271865263e+00,-2.146069688818180721e-01,-1.580920520868136725e+00,-7.040009754923164630e-03,7.432465979783898113e+00,-4.056537591645306584e+00
3.194516582695897000e+00,3.195268887046868844e+00,-2.167871586071981604e-01,-1.582267636419182777e+00,-6.862170794770265994e-03,7.319872014765991253e+00,-4.077765308694519142e+00
3.394173869114390563e+00,3.394108772970821697e+00,-2.192030734210719811e-01,-1.583568261588969017e+00,-6.682742340456152182e-03,7.208242632065168465e+00,-4.098218467288749167e+00
3.593831155532884125e+00,3.593568389549918862e+00,-2.219035531116924087e-01,-1.584890647883367309e+00,-6.494630992722515671e-03,7.093923726916274042e+00,-4.118615814671994890e+00
3.793488441951377688e+00,3.793406023896009671e+00,-2.248782186535546734e-01,-1.586179186030789667e+00,-6.319845643633446169e-03,6.976923577218235195e+00,-4.137817666183843279e+00
3.993145728369871250e+00,3.992947358706010252e+00,-2.281130122141902805e-01,-1.587456337803542228e+00,-6.135784082187980409e-03,6.857544335257719226e+00,-4.156914351192527057e+00
4.192803014788364813e+00,4.192600465006464105e+00,-2.316030742220462624e-01,-1.588729597278342842e+00,-5.958374029001034002e-03,6.735412310815370951e+00,-4.175151664880382363e+00
4.392460301206858375e+00,4.392219227741292364e+00,-2.353388336021694505e-01,-1.589937059784644502e+00,-5.782153848478348290e-03,6.610492410306775035e+00,-4.192788361874237424e+00
4.592117587625351938e+00,4.591835392544044048e+00,-2.393122203030157158e-01,-1.591105562441986532e+00,-5.605816211506717099e-03,6.482621511651803559e+00,-4.209882209653754259e+00
4.791774874043845500e+00,4.791449242249450791e+00,-2.435149227319692578e-01,-1.592234652740730061e+00,-5.432489772671512257e-03,6.351638182897032969e+00,-4.226300405316624875e+00
4.991432160462339063e+00,4.991057078994323604e+00,-2.479385849647014750e-01,-1.593320229047516579e+00,-5.253310167127799198e-03,6.217369859057700232e+00,-4.242395970616092526e+00
5.191089446880832625e+00,5.190661016116109749e+00,-2.525749019328057954e-01,-1.594364918098708950e+00,-5.060217194557309166e-03,6.079607987635671229e+00,-4.258437191854882009e+00
5.390746733299326188e+00,5.390259961537923417e+00,-2.574155370462056780e-01,-1.595367718472076035e+00,-4.899225077599291683e-03,5.938112014430199537e+00,-4.272718674429018648e+00
5.590404019717819750e+00,5.589853110298860450e+00,-2.624521450364054043e-01,-1.596328847554983277e+00,-4.709002692176437153e-03,5.792669556465879666e+00,-4.287453942571329613e+00
5.790061306136313313e+00,5.789441976168944848e+00,-2.676764449131092127e-01,-1.597248481427933742e+00,-4.372493915742510333e-03,5.642958289035326480e+00,-4.282571045620835015e+00
5.989718592554806875e+00,5.989025673260674587e+00,-2.730800896420939594e-01,-1.598126051723956609e+00,-5.407014039102328931e-03,5.489343229904693366e+00,-4.267643609031195773e+00
6.189375878973300438e+00,6.188606455538344875e+00,-2.786548360561286741e-01,-1.598962736610706648e+00,-6.256216675904906037e-03,5.331861343618514937e+00,-4.245396402494733046e+00
6.389033165391794000e+00,6.388181518016996741e+00,-2.843922772661050535e-01,-1.599757307139882734e+00,-7.485126771248466065e-03,5.170444350840504910e+00,-4.204335544296854188e+00
6.588690451810287563e+00,6.587744135028777315e+00,-2.902838784918706505e-01,-1.600507918417595210e+00,-9.625514808627734162e-03,5.005467735827484610e+00,-4.180122284920874343e+00
6.788347738228781125e+00,6.787343827372512628e+00,-2.963229523864377435e-01,-1.601227756081587295e+00,-1.134808533779138942e-02,4.835828926087590851e+00,-3.800984625017844731e+00
6.988005024647274688e+00,6.986806035941481419e+00,-3.024954387521031629e-01,-1.601897753921805112e+00,-2.947270837094160406e-02,4.676345792178551619e+00,-3.323844866618519855e+00
7.187662311065768250e+00,7.186543015418196845e+00,-3.088066034662255710e-01,-1.602473821094253070e+00,-5.460897554339651239e-02,4.532080960980324313e+00,-2.856991436604696677e+00
7.387319597484261813e+00,7.386106385578810496e+00,-3.152333716874358149e-01,-1.603131581279907181e+00,-8.188667548935951723e-02,4.404414263372605554e+00,-2.436544063793696591e+00
7.586976883902755375e+00,7.584217728695248795e+00,-3.217253348542133407e-01,-1.603694381868513874e+00,-1.089873196928002330e-01,4.293359147061270420e+00,-2.034128577292003470e+00
7.786634170321248938e+00,7.790327123007616095e+00,-3.285850428442533833e-01,-1.603639191432760125e+00,-1.370567560279510877e-01,4.194515761862181336e+00,-1.632144037751661836e+00
7.986291456739742500e+00,7.985265576955319133e+00,-3.351860258246882607e-01,-1.609047332817019615e+00,-1.659086166642171067e-01,4.117919679975042158e+00,-1.255250436460352281e+00
8.185948743158235175e+00,8.178995231106274133e+00,-3.417264632541142100e-01,-1.613711582173488868e+00,-1.936932684205125710e-01,4.058402017143189155e+00,-8.937640517850580224e-01
8.385606029576729625e+00,8.384383548420998977e+00,-3.489624836867360469e-01,-1.619826261777562282e+00,-2.205600331153052540e-01,4.012886961438309363e+00,-5.209000415871170020e-01
8.585263315995224076e+00,8.583107646286466164e+00,-3.559511490554962410e-01,-1.629541645783419312e+00,-2.468906975936759618e-01,3.986991722950247841e+00,-1.921080451806131961e-01
8.784920602413716750e+00,8.785566170956174759e+00,-3.619739049129290787e-01,-1.637549211232508517e+00,-2.688909128705682106e-01,3.977220230831743475e+00,-1.055970210030680867e-01
8.984577888832209425e+00,8.984364177408160401e+00,-3.789413345570860070e-01,-1.711009048582432968e+00,-2.750927735405579444e-01,3.971919330106005841e+00,-9.265233678237307091e-02
9.184235175250703875e+00,9.176742114957102459e+00,-3.942689784174946421e-01,-1.812426515520477510e+00,-2.765401599677968503e-01,3.967414985055329968e+00,-7.409855268776631421e-02
9.383892461669198326e+00,9.378150997950921663e+00,-4.129815287934937573e-01,-1.922353146912821886e+00,-2.782488086289582330e-01,3.963635314065401261e+00,-5.598404037323424787e-02
9.583549748087691000e+00,9.587805172134022058e+00,-4.395623018189571685e-01,-2.031531097632770066e+00,-2.798232956332900589e-01,3.960649241290818967e+00,-1.577082720712472824e-02
9.783207034506183675e+00,9.778334737768387797e+00,-4.614877465730977679e-01,-2.144536081305178143e+00,-2.824957503375691292e-01,3.959885495102090314e+00,-2.491915709917449841e-03
9.982864320924678125e+00,9.891559471820347227e+00,-6.042381495823665460e-01,-2.260623335656429589e+00,-2.833589914773764762e-01,3.959770835662455468e+00,-1.907836610687783322e-03
1.018252160734317258e+01,9.988915339662288062e+00,-7.877726016759690753e-01,-2.372408184018075517e+00,-2.834105705129659758e-01,3.959670735973340072e+00,0.000000000000000000e+00
1.038217889376166525e+01,1.008136194453003043e+01,-9.714035690307882831e-01,-2.480485661223381211e+00,-2.835322515859352022e-01,3.959670735973340072e+00,0.000000000000000000e+00
1.058183618018015792e+01,1.017179635568010099e+01,-1.144519408454531817e+00,-2.586378452888039803e+00,-2.823505148569888656e-01,3.959670735973340072e+00,1.852844111788880255e-02
1.078149346659865238e+01,1.026390812177182355e+01,-1.317363407258273611e+00,-2.674948356208171951e+00,-2.820047882468454947e-01,3.960587097266085266e+00,2.190234664354762106e-02
1.098115075301714683e+01,1.034855768261948228e+01,-1.504462798326033690e+00,-2.700383287490704554e+00,-2.659363790522695226e-01,3.961722577397808198e+00,2.715631688612968886e-01
1.118080803943563950e+01,1.042710132798560885e+01,-1.685845978829007219e+00,-2.706738979592381966e+00,-2.439982082722907952e-01,3.975248347850798059e+00,5.896940537451919040e-01
1.138046532585413217e+01,1.050918733412593298e+01,-1.866979603814139965e+00,-2.714219622880637228e+00,-2.182891821642939101e-01,4.004639693965967417e+00,9.447660263018440308e-01
1.158012261227262663e+01,1.058793947800600854e+01,-2.051895499126545452e+00,-2.721069579524965754e+00,-1.939884052290581362e-01,4.051778686519325490e+00,1.260809708557856679e+00
1.177977989869112108e+01,1.067018634672093746e+01,-2.231907530570104381e+00,-2.731685890175866049e+00,-1.676152933308324711e-01,4.112902561128258583e+00,1.610125149311605774e+00
1.197943718510961375e+01,1.074764563844353660e+01,-2.416986193725101373e+00,-2.740541079230100152e+00,-1.406360387879365126e-01,4.190711107775491939e+00,1.975641506468856168e+00
1.217909447152810642e+01,1.083038225326614601e+01,-2.599292694653678737e+00,-2.745411291192207059e+00,-1.150623000095404025e-01,4.284053687535527288e+00,2.333748260964259025e+00
1.237875175794660088e+01,1.090720200038255605e+01,-2.784661921496736525e+00,-2.752011861053031083e+00,-9.046264771443343622e-02,4.392001756599773543e+00,2.700504525201763428e+00
1.257840904436509533e+01,1.098580273727386114e+01,-2.964748013427257689e+00,-2.757008398087638312e+00,-6.622813331736782105e-02,4.511200958933726746e+00,3.097695623829699318e+00
1.277806633078358800e+01,1.106053968642599727e+01,-3.150721837636711431e+00,-2.763635426800249650e+00,-4.653678880082908614e-02,4.646791534800427392e+00,3.440646403599301628e+00
1.297772361720208067e+01,1.112805549243102377e+01,-3.342756574953641202e+00,-2.772931764613153938e+00,-4.126888416853456004e-02,4.795144574238859647e+00,3.496587564668367953e+00
1.317738090362057513e+01,1.119657209853230206e+01,-3.525368354257835346e+00,-2.786746918612877710e+00,-4.030873618434083899e-02,4.935319446123551224e+00,3.463684874633439215e+00
1.337703819003906958e+01,1.126749126285075420e+01,-3.713956336361080801e+00,-2.794013662221524807e+00,-3.993083172294425998e-02,5.074752962886148744e+00,3.417156593402720155e+00
1.357669547645756225e+01,1.133632322603553888e+01,-3.900952357371257673e+00,-2.806155069326467189e+00,-3.885323787391142120e-02,5.207200462634070881e+00,3.391996916088494629e+00
1.377635276287605492e+01,1.140630653864474198e+01,-4.085899783436406807e+00,-2.813848373878654829e+00,-3.760752845220978469e-02,5.334457773617495846e+00,3.375323632885455005e+00
1.397601004929454938e+01,1.146747869568050504e+01,-4.280277580602890986e+00,-2.822203533197337855e+00,-3.469740018261530112e-02,5.461873427318553631e+00,3.410405029550800382e+00
1.417566733571304383e+01,1.152323828974568798e+01,-4.469199692095188858e+00,-2.831868715797584368e+00,-3.314454063326448957e-02,5.583512976881628731e+00,3.412198490173660836e+00
1.437532462213153650e+01,1.158626082143331004e+01,-4.659027361969057424e+00,-2.841716196521299587e+00,-3.157611454131389883e-02,5.704437348927716478e+00,3.417994114503758674e+00
1.457498190855002917e+01,1.164339442462708440e+01,-4.851063048687638712e+00,-2.850837040542197443e+00,-3.047015492750293833e-02,5.823248830998796421e+00,3.412250131275932574e+00
1.477463919496852363e+01,1.170313515739119481e+01,-5.040672717418733129e+00,-2.860776535620253469e+00,-2.920071866278878964e-02,5.938596323999150606e+00,3.415680407029437315e+00
1.497429648138701808e+01,1.175354377202999068e+01,-5.234097319739126064e+00,-2.865175956022879333e+00,-2.660620707190010717e-02,6.052471761820836349e+00,3.470850396194560705e+00
1.517395376780551075e+01,1.180515880970546050e+01,-5.427064291780580696e+00,-2.867697637302870639e+00,-2.325637740971344541e-02,6.165956893049266974e+00,3.561315219643031771e+00
1.537361105422400342e+01,1.185679649855692652e+01,-5.619853940338991549e+00,-2.873669253005368240e+00,-2.144664013560638668e-02,6.280174907932947193e+00,3.599631712104868875e+00
1.557326834064249788e+01,1.190840417676508700e+01,-5.812758402798173130e+00,-2.876216220374513632e+00,-1.851921800062952816e-02,6.393606709452530623e+00,3.688467577626448612e+00
1.577292562706099233e+01,1.196002732647438194e+01,-6.005620938285145982e+00,-2.881858231769355960e+00,-1.629293712741775382e-02,6.507766618091118893e+00,3.755477390307554231e+00
1.597258291347948500e+01,1.201162814589526207e+01,-6.198466852442415131e+00,-2.879092854554850422e+00,-1.483830852474768772e-02,6.621966420888226068e+00,3.794833653026992160e+00
1.617224019989797767e+01,1.206330736911196944e+01,-6.391454447174938380e+00,-2.877762272040708780e+00,-1.264127406740763425e-02,6.735485001219388757e+00,3.872006376023123142e+00
1.637189748631647035e+01,1.211466804922985041e+01,-6.583841547761139168e+00,-2.878099887952196401e+00,-8.963703374904340160e-03,6.848998742492089953e+00,4.025023576566431949e+00
1.657155477273496658e+01,1.216728168963910761e+01,-6.778630377926846862e+00,-2.878680167079164853e+00,-6.273943241919459866e-03,6.966565639815085476e+00,4.141006481671905881e+00
1.677121205915345925e+01,1.221459692385617934e+01,-6.965362926354023543e+00,-2.880238151793895085e+00,-4.665087543023901072e-03,7.080143525233986601e+00,4.211646474749085378e+00
1.697086934557195192e+01,1.227188660820769606e+01,-7.163173518139157814e+00,-2.879174226730436104e+00,-4.529341207840749915e-03,7.201605537202584451e+00,4.210594222938333075e+00
1.717052663199044815e+01,1.232736453392618792e+01,-7.360248870329946236e+00,-2.879613022723832572e+00,-4.920721886246305805e-03,7.320330310938453877e+00,4.181812115674132357e+00
1.737018391840894083e+01,1.237605215647523416e+01,-7.544698549998466675e+00,-2.879653221666907292e+00,-3.746860568056176611e-03,7.428508733879632508e+00,4.238737959928061905e+00
1.756984120482743350e+01,1.242724731020321194e+01,-7.740521610703955169e+00,-2.880105005578431410e+00,-3.354471290235879963e-03,7.543117523971443639e+00,4.254635206112609147e+00
1.776949849124592617e+01,1.247600614912800410e+01,-7.934712614650855755e+00,-2.878908446171601909e+00,-2.361132938196645534e-03,7.655216387841268677e+00,4.307132089623515014e+00
1.796915577766441885e+01,1.252948693466345098e+01,-8.126367587261489334e+00,-2.881455061499168302e+00,-3.332628475295414811e-03,7.766361946099432423e+00,4.244487921557685617e+00
1.816881306408291508e+01,1.258032617234259654e+01,-8.319604679299036576e+00,-2.882347165341005990e+00,-4.199192648697421329e-03,7.874806975662811404e+00,4.185097209344633917e+00
1.836847035050140775e+01,1.263175468753350827e+01,-8.512554693504620573e+00,-2.877509570363173452e+00,-5.602291449031134886e-03,7.980225415060971272e+00,7.923045033027822370e-01
1.856812763691990043e+01,1.268288945680053459e+01,-8.705307048269634862e+00,-2.875889810198703156e+00,-6.330913393039184177e-03,8.000000000000000000e+00,0.000000000000000000e+00
1.876778492333839665e+01,1.273454608056029080e+01,-8.898994311870389140e+00,-2.879404910015150865e+00,-4.422630447992826307e-03,8.000000000000000000e+00,0.000000000000000000e+00
1.896744220975688933e+01,1.278468012633921624e+01,-9.089745570249261775e+00,-2.883262275519298257e+00,-3.573638220394625368e-03,8.000000000000000000e+00,0.000000000000000000e+00
1.916709949617538200e+01,1.283721873288568815e+01,-9.282676001175868663e+00,-2.887346796883431210e+00,-3.151199922040139913e-03,8.000000000000000000e+00,0.000000000000000000e+00
1.936675678259387468e+01,1.289820178114533888e+01,-9.475737032167129925e+00,-2.888631013277499271e+00,-3.023428896689030199e-03,8.000000000000000000e+00,0.000000000000000000e+00
1.956641406901236735e+01,1.295182766185591205e+01,-9.668152778915267476e+00,-2.889611113078058402e+00,-1.984768958989945216e-03,8.000000000000000000e+00,0.000000000000000000e+00
1.976607135543086358e+01,1.299319181468068862e+01,-9.861881774638092679e+00,-2.891286579675629298e+00,-2.059541010190009229e-03,8.000000000000000000e+00,0.000000000000000000e+00
1.996572864184935625e+01,1.303952581235978059e+01,-1.005661805722373536e+01,-2.892400525715220105e+00,-1.681435669716214998e-04,8.000000000000000000e+00,-2.897235659114294481e+00
2.016538592826784893e+01,1.308216226879694766e+01,-1.025071247149833553e+01,-2.894530260228457053e+00,2.191918780912393075e-03,7.927705214359821007e+00,-4.299047731945130124e+00
2.036504321468634515e+01,1.313117823260813566e+01,-1.044456772788821297e+01,-2.900470654120978153e+00,2.395779815340260376e-03,7.818520876122354579e+00,-4.199420054984072337e+00
2.056470050110483783e+01,1.318054018881679390e+01,-1.063827859623290628e+01,-2.903960426851258880e+00,4.139252788445765656e-03,7.710404022534240731e+00,-4.018352563948658585e+00
2.076435778752333050e+01,1.322873454583977981e+01,-1.083192495128191091e+01,-2.897898359675456170e+00,7.384143630097268762e-03,7.605693748944803545e+00,-3.896332348389148326e+00
2.096401507394182318e+01,1.327734821236712470e+01,-1.102571334154621674e+01,-2.893444284924944210e+00,9.756102148857966755e-03,7.502643388796652602e+00,-3.704973441813209867e+00
2.116367236036031585e+01,1.332558986507991250e+01,-1.121900373287420116e+01,-2.892196223231766616e+00,1.350994214515330478e-02,7.403610705174239470e+00,-3.533754178914885635e+00
2.136332964677881208e+01,1.337487137983788266e+01,-1.141415727829933680e+01,-2.891726213850751126e+00,1.707680042587908509e-02,7.306908000128083280e+00,-3.436154111225233621e+00
2.156298693319730475e+01,1.342020776045886876e+01,-1.160194099049090610e+01,-2.888030477268823226e+00,1.938689089957714579e-02,7.215491610282169788e+00,-3.286378327520980136e+00
2.176264421961579743e+01,1.347478394886175757e+01,-1.179881983372299459e+01,-2.887132493558844715e+00,2.285312751978126056e-02,7.121831456125787163e+00,-3.151586547095111879e+00
2.196230150603429365e+01,1.353113995896766930e+01,-1.199691559654237238e+01,-2.882126483265373906e+00,2.618075834777486635e-02,7.030100006159357484e+00,-3.088309383483540227e+00
2.216195879245278633e+01,1.357392831524795973e+01,-1.218148509713445549e+01,-2.873594514224071972e+00,2.812710383197832356e-02,6.946370057125122344e+00,-2.929355158001460513e+00
2.236161607887127900e+01,1.362467979870979740e+01,-1.237835388753426891e+01,-2.867942872427432732e+00,3.221662191563559596e-02,6.860098415835517827e+00,-2.843215069988491273e+00
2.256127336528977168e+01,1.368155068597603474e+01,-1.257163834318292039e+01,-2.859361170607877867e+00,3.489656464946631204e-02,6.776080180193163827e+00,-2.841766429481179301e+00
2.276093065170826435e+01,1.373078086040970014e+01,-1.276214232244851488e+01,-2.849918948420958387e+00,3.344523538249132011e-02,6.693052965114882902e+00,-2.946672980072949422e+00
2.296058793812676058e+01,1.379017513758775415e+01,-1.295762856283669784e+01,-2.844304737898045943e+00,3.340510487107317683e-02,6.602491109589110785e+00,-2.989066633679776874e+00
2.316024522454525325e+01,1.385466978898466550e+01,-1.314570424509742885e+01,-2.833399629115988194e+00,3.397650741760695203e-02,6.511856636811669929e+00,-3.004086084714405303e+00
2.335990251096374593e+01,1.391273115137198957e+01,-1.333035296928648350e+01,-2.820440860602675404e+00,3.372538070008779254e-02,6.421940722571915394e+00,-3.053590549728887549e+00
2.355955979738224215e+01,1.397850989920057607e+01,-1.352730747512483944e+01,-2.812196432496039122e+00,3.298110692213365724e-02,6.322434288608063113e+00,-3.126487402668009619e+00
2.375921708380073483e+01,1.404871902737608735e+01,-1.371043010707516885e+01,-2.800030711140122808e+00,3.273901300874990095e-02,6.224695918261078376e+00,-3.175335312017299128e+00
2.395887437021922750e+01,1.411286068698070828e+01,-1.389568562184182277e+01,-2.787856942353319045e+00,3.048050822855615308e-02,6.123872971401620013e+00,-3.300825636767412696e+00
2.415853165663772018e+01,1.418030328772621118e+01,-1.408631038994805351e+01,-2.782214635710376971e+00,2.806118675146828528e-02,6.013895770695977916e+00,-3.429266293177136049e+00
2.435818894305621285e+01,1.425466755492896276e+01,-1.427209606821239696e+01,-2.771824987936050810e+00,2.576136979611928779e-02,5.898681302393596226e+00,-3.547874202225267837e+00
2.455784622947470908e+01,1.432669218673669320e+01,-1.445884256556113456e+01,-2.764613358786459418e+00,2.319609746285460419e-02,5.777040377507544733e+00,-3.670365969313178045e+00
2.475750351589320175e+01,1.439970787384238093e+01,-1.464381875614027173e+01,-2.764346660873536088e+00,2.094954665728171808e-02,5.649281130950894791e+00,-3.776294155350257142e+00
2.495716080231169443e+01,1.448029156055581090e+01,-1.482650657130683491e+01,-2.760052833103270764e+00,1.959462626942095123e-02,5.514194709896412583e+00,-3.848796121351169663e+00
2.515681808873019065e+01,1.455609659809262979e+01,-1.501272590935001183e+01,-2.756523077772222052e+00,1.670576767920938649e-02,5.372028112226155727e+00,-3.962320348359457789e+00
2.535647537514868333e+01,1.463615949447211761e+01,-1.519680290853577809e+01,-2.757055853970547865e+00,1.185172624185298895e-02,5.221870917442899440e+00,-4.121823786399079204e+00
2.555613266156717600e+01,1.471131854273012962e+01,-1.537823477105072811e+01,-2.756332111045795230e+00,8.397305512070142239e-03,5.064486262820362406e+00,-4.229597676332447875e+00
2.575578994798566868e+01,1.478383738678983761e+01,-1.556574543901098551e+01,-2.756400843611909401e+00,2.588788934905843567e-03,4.893704037186171973e+00,-4.378782357471150632e+00
2.595544723440416135e+01,1.485720850257654391e+01,-1.575099253095238794e+01,-2.760413372033972301e+00,-3.004837514883440357e-03,4.712049561048873514e+00,-4.303563490424989979e+00
2.615510452082265758e+01,1.493034666440195224e+01,-1.593688471843329602e+01,-2.761542106214457171e+00,-6.929130471493680395e-03,4.525928524350148585e+00,-4.220158374975502724e+00
2.635476180724115025e+01,1.500354166978304704e+01,-1.612261700586132918e+01,-2.765073968669102378e+00,-1.198686277034394232e-02,4.335787053248493450e+00,-4.134764347640951243e+00
2.655441909365964293e+01,1.507672685211750085e+01,-1.630838072173455799e+01,-2.766735773109228802e+00,-1.812085989301273972e-02,4.141008684175130128e+00,-4.075642796611606222e+00
2.675407638007813915e+01,1.514991285923450448e+01,-1.649414208584573771e+01,-2.766264355675148501e+00,-2.383026789937274861e-02,3.939604078626005368e+00,-3.879487081066989251e+00
2.695373366649663183e+01,1.522309583878719330e+01,-1.667989953913101786e+01,-2.766060539711303612e+00,-4.051233387374369305e-02,3.737829956648137220e+00,-3.445862508231352539e+00
2.715339095291512450e+01,1.529629407144552466e+01,-1.686566856282765414e+01,-2.766691064268613776e+00,-7.936590096872050970e-02,3.548986053385593920e+00,-3.011806067465145897e+00
2.735304823933361718e+01,1.536943229364283248e+01,-1.705139797181095673e+01,-2.773115190586211032e+00,-1.258407591283586535e-01,3.375340254851406208e+00,-2.495688562488863393e+00
2.755270552575210985e+01,1.544277373909793916e+01,-1.723726185709945824e+01,-2.778664767860699492e+00,-1.875613872007894367e-01,3.224219414609216461e+00,-1.920389192928500410e+00
2.775236281217060608e+01,1.551549433067151185e+01,-1.742271546974376406e+01,-2.789693299663052350e+00,-2.621993150562208497e-01,3.103304876614775942e+00,-1.385066850664097293e+00
2.795202009858909875e+01,1.558981494743849971e+01,-1.760926184285743901e+01,-2.799855696440321395e+00,-3.372660084697688410e-01,3.012348140299105026e+00,-9.142657374222811217e-01
2.815167738500759143e+01,1.566216957904074114e+01,-1.779660233952797554e+01,-2.809883663453939473e+00,-4.055616537530716270e-01,2.950766349910413755e+00,-5.708023811406899295e-01
2.835133467142608765e+01,1.572251786042476063e+01,-1.798470638651563291e+01,-2.819690277804005607e+00,-4.568410373001648428e-01,2.912301631047986561e+00,-3.070119663092317208e-01
2.855099195784458033e+01,1.578420720949649336e+01,-1.817140045867643394e+01,-2.836972593062632164e+00,-4.949888560953047412e-01,2.891499630252378328e+00,-3.942797426678067152e-02
2.875064924426307300e+01,1.583789929052428569e+01,-1.836783315393700278e+01,-2.859504393341826045e+00,-5.280076800422361938e-01,2.888721517172230691e+00,-1.751774864694656195e-02
2.895030653068156568e+01,1.589134292802624771e+01,-1.855862149046135556e+01,-2.921824486057504444e+00,-5.310751041212267154e-01,2.887519755743537253e+00,-3.948154449686707736e-03
2.914996381710005835e+01,1.594623312087602329e+01,-1.875263748114028317e+01,-3.073442686203694318e+00,-5.328043307441043819e-01,2.887244048851276723e+00,-2.878606641086663056e-03
2.934962110351855458e+01,1.600063935153632855e+01,-1.894406127443635057e+01,3.023628963440810669e+00,-5.330058884721232682e-01,2.887045632079965340e+00,0.000000000000000000e+00
2.954927838993704725e+01,1.604093783865995704e+01,-1.913978505576679368e+01,2.777893244025831265e+00,-5.333512508504224536e-01,2.887045632079965340e+00,0.000000000000000000e+00
2.974893567635553993e+01,1.607472035471302974e+01,-1.935230122841091216e+01,2.479784388669422412e+00,-5.315605219744663490e-01,2.887045632079965340e+00,1.492578334703613570e-02
2.994859296277403615e+01,1.597736590934850121e+01,-1.934423313233229536e+01,2.176019614100198396e+00,-5.306329427402166621e-01,2.887550627641263912e+00,2.110978353664742790e-02
3.014825024919252883e+01,1.576576324903593473e+01,-1.931433223502164509e+01,1.902176415690430389e+00,-5.300636049878747480e-01,2.889112519808816781e+00,2.107438037957239108e-02
3.034790753561102150e+01,1.556906790085479564e+01,-1.927949060377693158e+01,1.693878501871269648e+00,-5.297856987789982819e-01,2.890569265198757787e+00,1.893351166081410492e-02
3.054756482202951418e+01,1.537331604298482013e+01,-1.925089678015011074e+01,1.539886897762702933e+00,-5.286286021406616520e-01,2.891864775581189928e+00,2.464144177743567143e-02
3.074722210844800685e+01,1.517648024875359702e+01,-1.921688780464464230e+01,1.408509339397298277e+00,-5.241735110121218399e-01,2.893566353917612854e+00,5.673868766447912049e-02
3.094687939486650308e+01,1.497985272978296400e+01,-1.918921993214901178e+01,1.396464484003021589e+00,-5.102774019366205227e-01,2.897457304583233473e+00,1.615891346814098684e-01
3.114653668128499575e+01,1.477811790167699435e+01,-1.915454808492015815e+01,1.388928905543183934e+00,-4.751116523836819705e-01,2.908850468107907261e+00,4.253850165269140726e-01
3.134619396770348843e+01,1.458063503994331711e+01,-1.911972645450082808e+01,1.381699929844927954e+00,-4.305224275567163805e-01,2.938029172956173607e+00,7.292237661831352247e-01
3.154585125412198465e+01,1.439175587637959097e+01,-1.908879354293332042e+01,1.374771270264792733e+00,-3.720700997640875585e-01,2.985155860282813212e+00,1.129925480313720865e+00
3.174550854054047733e+01,1.419395786491608646e+01,-1.904436985513529379e+01,1.370893379824134506e+00,-3.005230838084159140e-01,3.060928667507255341e+00,1.629813786811944887e+00
3.194516582695897000e+01,1.399800785180322293e+01,-1.899562927658030986e+01,1.364434942103834203e+00,-2.290268200317764624e-01,3.166618268005477965e+00,2.148940145446383010e+00
3.214482311337746268e+01,1.380527005172420196e+01,-1.895379862587831710e+01,1.356680423703980232e+00,-1.635075779887472380e-01,3.297744727049122027e+00,2.667335421899279080e+00
3.234448039979595535e+01,1.360898203062642686e+01,-1.890436353756895116e+01,1.347983529344778386e+00,-1.143865953432694343e-01,3.457593185516687040e+00,3.078013899190319869e+00
3.254413768621444802e+01,1.341341206536341524e+01,-1.886170871798835691e+01,1.335321669584836890e+00,-7.730750474994703414e-02,3.631416747026877001e+00,3.426031432702234092e+00
3.274379497263294070e+01,1.322248209626203774e+01,-1.882099019994986477e+01,1.330579697415070317e+00,-4.706076980942421745e-02,3.811150996052171003e+00,3.761948346310490798e+00
3.294345225905144048e+01,1.302083642359178306e+01,-1.877911660056168230e+01,1.323748793295187465e+00,-4.518380816136675221e-02,4.009289174074329942e+00,3.719197408488752465e+00
3.314310954546993315e+01,1.283381163275680059e+01,-1.873176037014781059e+01,1.312552555761239415e+00,-4.486706082667193951e-02,4.184431620773329641e+00,3.659901634698112360e+00
3.334276683188842583e+01,1.263962721937370226e+01,-1.867994310949939063e+01,1.304490170875281407e+00,-4.493780755841845359e-02,4.356672555791146095e+00,3.592553640465618425e+00
3.354242411830691850e+01,1.244489537146094627e+01,-1.862169181539484697e+01,1.292163114498713128e+00,-4.469318686918647560e-02,4.521175109714234530e+00,3.531925477913343769e+00
3.374208140472541118e+01,1.225636908061439989e+01,-1.856976461779519738e+01,1.279751920283305644e+00,-4.511339887794316855e-02,4.671438604883209500e+00,3.461020132520523429e+00
3.394173869114390385e+01,1.206854607063342755e+01,-1.850902033621391851e+01,1.261482146008175764e+00,-4.306897762704587490e-02,4.815470874835903636e+00,3.446783825283671998e+00
3.414139597756239652e+01,1.187371618177460952e+01,-1.844359430682892054e+01,1.249266829088561348e+00,-4.163537546251681876e-02,4.960397046598627568e+00,3.421039151110337961e+00
3.434105326398089630e+01,1.168319687918256200e+01,-1.837903745542783085e+01,1.237116157293519869e+00,-3.906214080007277406e-02,5.097243246526325322e+00,3.430591804791835564e+00
3.454071055039938898e+01,1.150020517967972467e+01,-1.831438786255059270e+01,1.231186765399518102e+00,-3.752885907372082580e-02,5.226230042696873745e+00,3.420456241034323330e+00
3.474036783681788165e+01,1.131090452278263747e+01,-1.824837608129421085e+01,1.220588827458997994e+00,-3.743950598001522662e-02,5.355833051740699347e+00,3.371549729868668965e+00
3.494002512323637433e+01,1.112440645921245874e+01,-1.817307166989376555e+01,1.216038953451976212e+00,-3.601978514656867941e-02,5.480982630545848444e+00,3.363423489568231339e+00
3.513968240965486700e+01,1.093883780893879631e+01,-1.810056783530200164e+01,1.209768193258647706e+00,-3.326778510929044586e-02,5.601906751993213973e+00,3.401511683766508476e+00
3.533933969607335968e+01,1.075388732377741974e+01,-1.802626643220736113e+01,1.202256715550721999e+00,-3.053167840454858520e-02,5.721653555716096129e+00,3.445974691896872333e+00
3.553899698249185235e+01,1.056419199357621075e+01,-1.795724374183534167e+01,1.196304862030864502e+00,-2.700798968454356380e-02,5.841964157956792469e+00,3.523756602672737603e+00
3.573865426891034502e+01,1.037962098447757242e+01,-1.788425673855656228e+01,1.190749003802429762e+00,-2.467815979792549810e-02,5.960480041258447770e+00,3.568751062539344598e+00
3.593831155532883770e+01,1.019481403434640043e+01,-1.781493530011579551e+01,1.192454238067138572e+00,-2.075070144881518974e-02,6.077509870062418607e+00,3.679049472118380848e+00
3.613796884174733748e+01,1.000860431659264016e+01,-1.773937076816012137e+01,1.190424302026755310e+00,-1.686330486523227729e-02,6.197966921871135959e+00,3.797699618039742653e+00
3.633762612816583015e+01,9.824292301283460205e+00,-1.766115820325282471e+01,1.192002708667985189e+00,-1.420445607674374056e-02,6.319457748829158561e+00,3.878237287543992995e+00
3.653728341458432283e+01,9.641049227824087353e+00,-1.758366638821243555e+01,1.185463466284013556e+00,-1.122178598915368579e-02,6.440398586200680064e+00,3.980034524521754769e+00
3.673694070100281550e+01,9.455125363974953956e+00,-1.750705244397696703e+01,1.181078294038694132e+00,-7.642019471831282273e-03,6.563492060209097367e+00,4.116286172201943039e+00
3.693659798742130818e+01,9.268937622654471298e+00,-1.743553840605909855e+01,1.179916542100366339e+00,-6.062844946309991698e-03,6.687406901995597508e+00,4.174361018885075936e+00
3.713625527383980085e+01,9.086298485034600247e+00,-1.735984080610811375e+01,1.179709441759749566e+00,-4.381520169648962272e-03,6.809698477306286080e+00,4.242320175822120731e+00
3.733591256025829352e+01,8.898777446943842762e+00,-1.728790569478111649e+01,1.182572729674195688e+00,-2.061836858498401759e-03,6.933692577449408034e+00,4.346374939937778237e+00
3.753556984667679330e+01,8.715986628554279747e+00,-1.720759391383043635e+01,1.184316275858020351e+00,-4.973166277295812399e-04,7.057736979884949413e+00,4.420727837565176621e+00
3.773522713309528598e+01,8.533981539725036924e+00,-1.712620584422276693e+01,1.181208431902190270e+00,2.470211457354734748e-03,7.181532215609589542e+00,4.318100313952070834e+00
3.793488441951377865e+01,8.345959475425150487e+00,-1.705305242464732274e+01,1.178621571157160819e+00,2.451400259804250876e-03,7.301833502724175418e+00,4.314799250037886225e+00
3.813454170593227133e+01,8.163631314010626028e+00,-1.697864040157868359e+01,1.181929195299760149e+00,1.977098910895932083e-03,7.417289506164735258e+00,4.336727563286660647e+00
3.833419899235076400e+01,7.978413350380505698e+00,-1.690623086371051542e+01,1.180395694186853195e+00,2.327895969033043442e-03,7.532666460671795683e+00,9.437184136266716372e-01
3.853385627876925668e+01,7.791243088530353411e+00,-1.683089491664755144e+01,1.186376538612248233e+00,3.997274014207786302e-03,7.557901724271454569e+00,-4.125182992974830931e+00
3.873351356518774935e+01,7.609648583347219386e+00,-1.674934902627233768e+01,1.190073130048935557e+00,5.773606937359761562e-03,7.448458319668594285e+00,-4.110149368138522163e+00
3.893317085160624202e+01,7.423902766579436374e+00,-1.667243307906199590e+01,1.191829130052849628e+00,6.230166592910629970e-03,7.336682661026913799e+00,-4.090267546137631882e+00
3.913282813802473470e+01,7.238367063428443160e+00,-1.660268556211196511e+01,1.192272144709447534e+00,6.804511885990907442e-03,7.225332364878393143e+00,-4.090185363994306655e+00
3.933248542444323448e+01,7.053560878205620277e+00,-1.652855604948804569e+01,1.194023500506613544e+00,6.425646970977358548e-03,7.111719748384627060e+00,-4.120404096243627023e+00
3.953214271086172715e+01,6.865405932560125990e+00,-1.645894760519677646e+01,1.194319004263198813e+00,5.782450013045611209e-03,6.994519465861742447e+00,-4.152797617031577460e+00
3.973179999728021983e+01,6.680809150490712334e+00,-1.638447075527122365e+01,1.200612918131536144e+00,6.192133858252186172e-03,6.875320705277767175e+00,-4.088764754955991343e+00
3.993145728369871250e+01,6.492808305973403193e+00,-1.631509863097849689e+01,1.202243036543100718e+00,7.817770692206996511e-03,6.755096317236602310e+00,-4.088719616477636265e+00
4.013111457011720518e+01,6.308705665703926435e+00,-1.624093188509405294e+01,1.198319146097364118e+00,7.776614300698149809e-03,6.633872507849933875e+00,-4.084594994864302997e+00
4.033077185653569785e+01,6.120140954753577667e+00,-1.617095796872234814e+01,1.201298336512818921e+00,8.518902245328356659e-03,6.508855575876541621e+00,-4.084263881966035292e+00
4.053042914295419052e+01,5.936187666275983155e+00,-1.609752882293877718e+01,1.201425163938971252e+00,6.457311262065381849e-03,6.383359831732692058e+00,-4.182179516988385970e+00
4.073008642937269030e+01,5.748227289103508220e+00,-1.602697948958057239e+01,1.204133147917898938e+00,4.740007723686595099e-03,6.250441416028583497e+00,-4.260279708304114621e+00
4.092974371579118298e+01,5.561375348553396769e+00,-1.595312546655309305e+01,1.204794505217880118e+00,4.430001998606136401e-03,6.111962342703082030e+00,-4.279981866130316170e+00
4.112940100220967565e+01,5.381395705245384242e+00,-1.587713760392641582e+01,1.206880849330936201e+00,4.142911722810104294e-03,5.973590271729429801e+00,-4.297532913413016686e+00
4.132905828862816833e+01,5.190526216030735718e+00,-1.580702928599081858e+01,1.208231274428366753e+00,2.045695360490427592e-03,5.825467991997515860e+00,-4.370173647408083006e+00
4.152871557504666100e+01,5.004286320190873383e+00,-1.573843394471525770e+01,1.207406441427125721e+00,2.339227870059730572e-03,5.674625490759245494e+00,-4.370117151029903724e+00
4.172837286146515368e+01,4.817479963485687300e+00,-1.566889774434907956e+01,1.205934524767764415e+00,4.859017592095275567e-04,5.518985018413305355e+00,-4.373458058962845563e+00
4.192803014788364635e+01,4.628634241716283348e+00,-1.560061551260466572e+01,1.209839068802122330e+00,-2.509934616822777007e-03,5.357491597743554657e+00,-4.362501523892255761e+00
4.212768743430213902e+01,4.443750159453784931e+00,-1.553060820761155014e+01,1.212982349475772992e+00,-3.076543770691473473e-03,5.194018715239018924e+00,-4.296510065652201504e+00
4.232734472072063170e+01,4.252932064695985837e+00,-1.546266186235650864e+01,1.214412912298186598e+00,-5.903566132990336474e-03,5.023671674696339018e+00,-4.237506625665583115e+00
4.252700200713913148e+01,4.070667020648190082e+00,-1.538811241454919454e+01,1.212161523495119297e+00,-8.825109136438432852e-03,4.854725826636464348e+00,-4.153188313289597033e+00
4.272665929355762415e+01,3.884207580552705430e+00,-1.531499164428336002e+01,1.209000671643214897e+00,-1.334468542642102372e-02,4.680248568833413891e+00,-4.085056359336090459e+00
4.292631657997611683e+01,3.695343516364486103e+00,-1.524870567639125696e+01,1.209518773610253728e+00,-1.778264240659374953e-02,4.502155968008016096e+00,-4.019163137382581574e+00
4.312597386639460950e+01,3.509178201483358350e+00,-1.517709832392000280e+01,1.208815394958400180e+00,-2.284020882005333847e-02,4.320424372522380985e+00,-3.952775410265896294e+00
4.332563115281310218e+01,3.320656418815024491e+00,-1.511091515509771455e+01,1.202192260196901952e+00,-2.883702714731573719e-02,4.133585024469353719e+00,-3.804444429148535978e+00
4.352528843923159485e+01,3.133961026673095507e+00,-1.503735179529537547e+01,1.203659882040211571e+00,-4.119978647016417361e-02,3.944576260690409342e+00,-3.507241224136300684e+00
4.372494572565008752e+01,2.951487042979094255e+00,-1.496270469538966985e+01,1.202553194665731073e+00,-6.618286834539698071e-02,3.765204117058986721e+00,-3.174031636018098457e+00
4.392460301206858730e+01,2.762494434942053267e+00,-1.489547198778343606e+01,1.192220501849447167e+00,-9.853769028880884906e-02,3.592126234606241031e+00,-2.815645556367190050e+00
4.412426029848707998e+01,2.573651223441902669e+00,-1.482246507956591230e+01,1.186034058481284514e+00,-1.385549407877145200e-01,3.429757400763085329e+00,-2.439562890554144214e+00
4.432391758490557265e+01,2.394045624991697707e+00,-1.474465192724302121e+01,1.177724536626719498e+00,-1.855938433320167280e-01,3.287584117845264053e+00,-2.032327601614289936e+00
4.452357487132406533e+01,2.208583058959707301e+00,-1.467200619491418934e+01,1.166185217088404169e+00,-2.413510253165481456e-01,3.162056316999589445e+00,-1.635517899286803134e+00
4.472323215774255800e+01,2.018690899854818088e+00,-1.459519440393176204e+01,1.150845874310946204e+00,-3.012234388156360687e-01,3.054269783723217557e+00,-1.251682674674445162e+00
4.492288944416105068e+01,1.841477257287337022e+00,-1.451130759762134126e+01,1.133785822652861430e+00,-3.613839267153726720e-01,2.972833730586537104e+00,-9.118703407187359611e-01
4.512254673057954335e+01,1.663435589236625711e+00,-1.442967356077986452e+01,1.115676567046064438e+00,-4.166753668946509559e-01,2.912135660315760433e+00,-6.674255132384214750e-01
4.532220401699803602e+01,1.474457891716351776e+00,-1.434538840976543028e+01,1.093080822656177009e+00,-4.604979307962983048e-01,2.864319215305247024e+00,-4.797729832443157205e-01
4.552186130341652870e+01,1.300385887771834392e+00,-1.425214297297557486e+01,1.042889690074038977e+00,-4.947980459535530895e-01,2.831049220521458132e+00,-3.064475457314740359e-01
4.572151858983502848e+01,1.133586296408080729e+00,-1.415098816306217522e+01,9.416566867430766763e-01,-5.242439790517251508e-01,2.809853902505995649e+00,-2.440890367918246984e-01
4.592117587625352115e+01,9.538383117403359535e-01,-1.405058798081783422e+01,8.163637117419315636e-01,-5.390038856566257142e-01,2.791911413733520142e+00,-1.770961985567924279e-01
4.612083316267201383e+01,7.832794402806140255e-01,-1.394628364096679185e+01,6.597122795247698512e-01,-5.526187454835677082e-01,2.779200906134446925e+00,-1.559415468850728625e-01
4.632049044909050650e+01,6.190184467680769353e-01,-1.382570151906242018e+01,4.733096495851962793e-01,-5.599649232601623394e-01,2.767743780452387892e+00,-1.452516745862778291e-01
4.652014773550899918e+01,5.094158434834044069e-01,-1.368120744882094009e+01,2.484117077146572594e-01,-5.652479682213236156e-01,2.758209581066415783e+00,-1.267744718797032266e-01
4.671980502192749185e+01,4.771051542587992356e-01,-1.347323165803951817e+01,6.171583651675582871e-03,-5.716868293740938745e-01,2.748518777931728163e+00,-1.003200793113184081e-01
4.691946230834598452e+01,5.512591975613260198e-01,-1.329861822056644804e+01,-2.335399096547658981e-01,-5.781014807151838575e-01,2.741585794335926529e+00,-7.750771705748013551e-02
4.711911959476448430e+01,6.447856396002051849e-01,-1.311637781855153939e+01,-4.550300664739255208e-01,-5.836020036986176995e-01,2.735788653793717717e+00,-2.067703251391326408e-02
4.731877688118297698e+01,7.821731261849901307e-01,-1.299363026731096760e+01,-6.366430850855028245e-01,-5.917974969858853518e-01,2.734395860219507757e+00,0.000000000000000000e+00
4.751843416760146965e+01,9.537759498381492840e-01,-1.288565804179601670e+01,-7.721408215649799844e-01,-5.945629445928841683e-01,2.734395860219507757e+00,0.000000000000000000e+00
4.771809145401996233e+01,1.125066865690056428e+00,-1.277057706687921268e+01,-8.908294109082914858e-01,-5.851880568416409911e-01,2.734395860219507757e+00,7.009529247855841860e-02
4.791774874043845500e+01,1.282794654182628058e+00,-1.266772387002740352e+01,-9.601005617350685251e-01,-5.696894313053126879e-01,2.739218608872809213e+00,1.709387011582488847e-01
4.811740602685694768e+01,1.462383906656321342e+00,-1.255829973893784235e+01,-1.020653124463538619e+00,-5.453017395417335544e-01,2.752310898687345908e+00,3.147219287589024250e-01
4.831706331327544035e+01,1.635107249645773475e+00,-1.245138095046880800e+01,-1.058297004726558299e+00,-5.113270175672715023e-01,2.775442153302532411e+00,5.067075140231523944e-01
4.851672059969393302e+01,1.799851250888972132e+00,-1.235609479507473374e+01,-1.090932292684320792e+00,-4.642256708851360547e-01,2.809972928945163595e+00,7.799983067653620816e-01
4.871637788611242570e+01,1.974692553294597586e+00,-1.226227251670313478e+01,-1.131982946369530119e+00,-4.137913739723049211e-01,2.864522420394286062e+00,1.050139557978341687e+00
4.891603517253092548e+01,2.163455761626408513e+00,-1.217015316819744442e+01,-1.174657635629274388e+00,-3.636113253724121974e-01,2.940516099289177010e+00,1.301485613026276189e+00
4.911569245894941815e+01,2.332219905700873674e+00,-1.208147056551472787e+01,-1.214731281091170789e+00,-3.175973774001511485e-01,3.023719774760717627e+00,1.541744884772839885e+00
4.931534974536791083e+01,2.525407276750624153e+00,-1.201280893079888834e+01,-1.270052824492994947e+00,-2.779227271327862625e-01,3.126512074209323089e+00,1.728783733735880457e+00
4.951500703178640350e+01,2.713016317752226403e+00,-1.197008243471324107e+01,-1.331286792374051009e+00,-2.471800716329221881e-01,3.231154309010983994e+00,1.864851520002133389e+00
4.971466431820489618e+01,2.911766369963602497e+00,-1.193202231402905689e+01,-1.395084502727185427e+00,-2.197389131968378595e-01,3.345908887006233456e+00,1.985499512877343387e+00
4.991432160462338885e+01,3.117392387978628943e+00,-1.190040505390529013e+01,-1.458489207372336560e+00,-2.046579926698086083e-01,3.467166439337435957e+00,1.985256514060486310e+00
5.011397889104188152e+01,3.307036817251819194e+00,-1.187224193014702855e+01,-1.517757032398961980e+00,-1.917969993367386883e-01,3.575260350666767284e+00,1.993857430843288592e+00
5.031363617746038130e+01,3.508380371860896574e+00,-1.187038326024365276e+01,-1.568493646413661846e+00,-1.856207310088585360e-01,3.685840673436273196e+00,1.923764135683108556e+00
5.051329346387887398e+01,3.697541329493277740e+00,-1.189268470885818019e+01,-1.605309046979963128e+00,-1.806528383112570579e-01,3.783948233791857518e+00,1.858864926073050761e+00
5.071295075029736665e+01,3.903749332833028607e+00,-1.191978240121615151e+01,-1.646157673762135287e+00,-1.715169616339909386e-01,3.884775511623723254e+00,1.857055070792198670e+00
5.091260803671585933e+01,4.101000186751203813e+00,-1.195163364076107371e+01,-1.685492920352522406e+00,-1.613592730079037307e-01,3.979143365674776778e+00,1.890604731536484229e+00
5.111226532313435200e+01,4.298652417186546337e+00,-1.197707445971257734e+01,-1.723242677380811827e+00,-1.509509417077928017e-01,4.072727830589990106e+00,1.941659826095092800e+00
5.131192260955284468e+01,4.496047712478969949e+00,-1.200827116770881631e+01,-1.746429035752692815e+00,-1.368317448072185749e-01,4.166914337669792801e+00,2.069666456018812717e+00
5.151157989597133735e+01,4.688982423601614435e+00,-1.203830548963116165e+01,-1.759166868744141077e+00,-1.200959149265379139e-01,4.262794252132870554e+00,2.263187309758873944e+00
5.171123718238983002e+01,4.884725959446575061e+00,-1.208098932410423210e+01,-1.768278913496881710e+00,-1.031681537641164215e-01,4.367864891004997752e+00,2.477232819782456463e+00
5.191089446880832270e+01,5.084103168900388603e+00,-1.212697448368371766e+01,-1.777329750941266440e+00,-8.355340717653486626e-02,4.482408375422413549e+00,2.766746209339725038e+00
5.211055175522682248e+01,5.275274599294103695e+00,-1.217463879111580916e+01,-1.786526493079196420e+00,-6.549147703714153224e-02,4.602414028310111149e+00,3.058245460067693156e+00
5.231020904164531515e+01,5.471817390289524852e+00,-1.221881710738723292e+01,-1.799507633851475275e+00,-4.742525279345985445e-02,4.734380856420619565e+00,3.382493211504886688e+00
5.250986632806380783e+01,5.664100968175747042e+00,-1.226757122888374951e+01,-1.812305402304810631e+00,-3.267137759134386421e-02,4.874045568495105840e+00,3.669348292441856341e+00
5.270952361448230050e+01,5.859716785967992614e+00,-1.231115292548280316e+01,-1.816875169061280770e+00,-1.468696750143003507e-02,5.022656868104787620e+00,-1.901506594494339009e+00
5.290918090090079318e+01,6.053465830503437672e+00,-1.236071628135329625e+01,-1.818988727373652470e+00,2.364977262114402543e-03,4.946364810496321596e+00,-4.002232608752112952e+00
5.310883818731928585e+01,6.246746587546475382e+00,-1.240398044254676790e+01,-1.817500389165052521e+00,1.937261746453690023e-02,4.783422482959447386e+00,-3.759940299827456922e+00
5.330849547373777852e+01,6.438485782918910161e+00,-1.246044050390788094e+01,-1.816441921775335588e+00,3.206837214466785185e-02,4.623641814473146816e+00,-3.542566424675107850e+00
5.350815276015627830e+01,6.631088894895661667e+00,-1.251667883063218945e+01,-1.810847282057627794e+00,4.524517300481035315e-02,4.467265605548647045e+00,-3.334338306667337104e+00
5.370781004657477098e+01,6.823614148427019188e+00,-1.256797844042013956e+01,-1.807049975234173322e+00,5.965079309488829223e-02,4.315990890118020396e+00,-2.982431704457349397e+00
5.390746733299326365e+01,7.017280677503513253e+00,-1.261687521161803716e+01,-1.792130138330065625e+00,8.390917672154885043e-02,4.175683463324558531e+00,-2.656440410596526913e+00
5.410712461941175633e+01,7.211732669878234248e+00,-1.266230483022950715e+01,-1.779274044174457448e+00,1.092527978910850933e-01,4.046654433956772046e+00,-2.362503283923344188e+00
5.430678190583024900e+01,7.406911290034435602e+00,-1.270396204794181472e+01,-1.757869592022727190e+00,1.349753700984026861e-01,3.928412001365376938e+00,-2.035749591804601799e+00
5.450643919224874168e+01,7.603034416152121722e+00,-1.274216534591931094e+01,-1.735770618848796909e+00,1.648380422361999387e-01,3.823466658087787629e+00,-1.747503359877586648e+00
5.470609647866723435e+01,7.800105903549159336e+00,-1.277830085771280011e+01,-1.704804875303177703e+00,1.938404239146806485e-01,3.730770437756849578e+00,-1.467718282316525791e+00
5.490575376508572703e+01,8.001513266298209359e+00,-1.279906659686304415e+01,-1.676049221500618414e+00,2.234851166870645001e-01,3.650245940255071542e+00,-1.190114615804599651e+00
5.510541105150421970e+01,8.196000689838058406e+00,-1.281634811052726519e+01,-1.645884992704952809e+00,2.531493077930711544e-01,3.586021033445313755e+00,-9.200698109812828207e-01
5.530506833792271948e+01,8.393926892875203549e+00,-1.283057920643764227e+01,-1.618375352507436915e+00,2.821609411849120841e-01,3.534741118410351657e+00,-6.780339716012490081e-01
5.550472562434121215e+01,8.599939116543916739e+00,-1.284446766865140965e+01,-1.578496299430626637e+00,3.084447746164969417e-01,3.494909738145271838e+00,-4.310415930405335216e-01
5.570438291075970483e+01,8.794142277665713436e+00,-1.283363822723204706e+01,-1.530084603856153302e+00,3.332409297570576578e-01,3.470837751817303474e+00,-4.190996602159910989e-01
5.590404019717819750e+01,8.993267137289251423e+00,-1.282562493141154825e+01,-1.442268180344580708e+00,3.389319086455669927e-01,3.446690192442396938e+00,-3.381373314129866858e-01
5.610369748359669018e+01,9.194582982397378146e+00,-1.281147487587596956e+01,-1.350264149867953511e+00,3.497654183679036466e-01,3.426834193275344109e+00,-2.614200752132972982e-01
5.630335477001518285e+01,9.384913669644291190e+00,-1.279814455372748228e+01,-1.260531311307896640e+00,3.593509527073577847e-01,3.412247982387173195e+00,-2.027669925777828008e-01
5.650301205643367553e+01,9.586654367821708433e+00,-1.275743946713345167e+01,-1.154083078076477031e+00,3.670192243001483279e-01,3.399996303490430360e+00,-1.972404000643066813e-01
5.670266934285217530e+01,9.785196767858995059e+00,-1.269743970921416043e+01,-1.042842108320968020e+00,3.701169246625522491e-01,3.387942659013196689e+00,-1.754350551626387422e-01
5.690232662927066798e+01,9.893593471874563505e+00,-1.255453302701060281e+01,-9.265800883204577953e-01,3.740676449988666885e-01,3.378641929728769533e+00,-1.398394271062270988e-01
5.710198391568916065e+01,1.003766429234637414e+01,-1.240348713756878318e+01,-8.066383121113598342e-01,3.791248146833486321e-01,3.369991376745999467e+00,-8.135568191805206406e-02
5.730164120210765333e+01,1.017138911038485105e+01,-1.226068973499074488e+01,-6.897321647699803382e-01,3.853545770548623683e-01,3.365265173357840034e+00,-3.747941073416165975e-02
5.750129848852614600e+01,1.028589129336029195e+01,-1.209820438652581842e+01,-5.791823478597563080e-01,3.897416331031627879e-01,3.363050640144279679e+00,0.000000000000000000e+00
5.770095577494463868e+01,1.037296657255876475e+01,-1.191291178487174562e+01,-4.763703800567753444e-01,3.930554304077504835e-01,3.363050640144279679e+00,0.000000000000000000e+00
5.790061306136313135e+01,1.044607342897927893e+01,-1.173439598981318710e+01,-4.387256351137736043e-01,3.889014701647138250e-01,3.363050640144279679e+00,4.698174565674715503e-02
5.810027034778162403e+01,1.051782482787903916e+01,-1.154328373132992525e+01,-3.826097578871634486e-01,3.846015933298433387e-01,3.365901229910824632e+00,8.823659567485708788e-02
5.829992763420011670e+01,1.057757010187530611e+01,-1.135230047373729789e+01,-3.229288702336992056e-01,3.807165121653829365e-01,3.371143007894087162e+00,1.188071538581742387e-01
5.849958492061861648e+01,1.063144936570575183e+01,-1.115989469412012802e+01,-2.702093711050346236e-01,3.726029450948836197e-01,3.378177356816747245e+00,1.933245424537839152e-01
5.869924220703710915e+01,1.067812301562307731e+01,-1.096698310528401343e+01,-2.268740585895123729e-01,3.629881695603200398e-01,3.389516689846259201e+00,2.751930269911997406e-01
5.889889949345560183e+01,1.072875132864533576e+01,-1.077466521063607985e+01,-1.823426027520151926e-01,3.524113113393718133e-01,3.405624587916383561e+00,3.581353468935886131e-01
5.909855677987409450e+01,1.077209395566246641e+01,-1.057855410359045756e+01,-1.319843584331188424e-01,3.403987174679686256e-01,3.426680203185303863e+00,4.484915517144277830e-01
5.929821406629258718e+01,1.080070740649637173e+01,-1.038012408664905095e+01,-7.959836923303620360e-02,3.278554053189711714e-01,3.452820087871972810e+00,5.368188215302589494e-01
5.949787135271107985e+01,1.081674627925977994e+01,-1.018164662418866584e+01,-2.220116203683586420e-02,3.162514806114557486e-01,3.483640921458507123e+00,6.075498071334390904e-01
5.969752863912957253e+01,1.081868256233340553e+01,-9.982138614486592232e+00,3.944300908913533910e-02,3.056933019075785407e-01,3.518264855324869433e+00,6.615709633046457094e-01
5.989718592554807230e+01,1.080586971313810274e+01,-9.783125082006256079e+00,1.106720640004106304e-01,3.129980949707544258e-01,3.555566890944342529e+00,4.885605817846231380e-01
6.009684321196656498e+01,1.077771314920991230e+01,-9.585646513594664242e+00,1.855060596613582469e-01,3.167745345212729657e-01,3.582871459932675862e+00,1.989855831389069907e-01
6.029650049838505765e+01,1.073401722746567621e+01,-9.390996789849243243e+00,2.597252029651797578e-01,3.195593667957056794e-01,3.593933882357868814e+00,-3.048295473683569901e-01
6.049615778480355033e+01,1.067495930631624645e+01,-9.200412044425799962e+00,3.337747805071924478e-01,3.236234172815197208e-01,3.576970544900317517e+00,-2.499328686422459256e-01
6.069581507122204300e+01,1.060109128078043916e+01,-9.015007708929514862e+00,4.066225504076210751e-01,3.304908701327043952e-01,3.562998208228719488e+00,-2.465731792372063136e-01
6.089547235764053568e+01,1.051328245966236707e+01,-8.835707604458736597e+00,4.806496341835782005e-01,3.333407272251718845e-01,3.549154977003600386e+00,-2.033440556457576931e-01
6.109512964405902835e+01,1.041265763343637296e+01,-8.663232313490601300e+00,5.526233724884406229e-01,3.389577926455318302e-01,3.537695941077535267e+00,-1.541282460355740680e-01
6.129478693047752103e+01,1.030063087527277865e+01,-8.498207947363065173e+00,6.194422465024409519e-01,3.445830794972464250e-01,3.528995423896572614e+00,-6.885223817912074218e-02
6.149444421689601370e+01,1.017863142297189505e+01,-8.341362441310295139e+00,6.836559010345242271e-01,3.522043068744494243e-01,3.525116436463663572e+00,-6.602437968844440935e-04
6.169410150331451348e+01,1.004640318256016585e+01,-8.188732616793819474e+00,7.443075226467543715e-01,3.576996334851998416e-01,3.525078613312041309e+00,0.000000000000000000e+00
6.189375878973300615e+01,9.902427329447359483e+00,-8.050523300786160519e+00,8.111213708066027372e-01,3.577527667761868369e-01,3.525078613312041309e+00,0.000000000000000000e+00
6.209341607615149883e+01,9.751188880610886400e+00,-7.921157949318815561e+00,8.823171214928131612e-01,3.530288177251495463e-01,3.525078613312041309e+00,5.870063758172620882e-02
6.229307336256999150e+01,9.596177429045244622e+00,-7.795299208140400005e+00,9.531182502471549078e-01,3.481597827629299147e-01,3.528402045775238083e+00,1.110426583321740546e-01
6.249273064898848418e+01,9.431727465828489088e+00,-7.674461086031741708e+00,1.022066095213125081e+00,3.416433830799637250e-01,3.534818599783773330e+00,1.766855615072402963e-01
6.269238793540697685e+01,9.269253504885611505e+00,-7.568960576401854823e+00,1.092824147746136898e+00,3.347721248956933016e-01,3.544488430262141332e+00,2.396244778747928794e-01
6.289204522182546953e+01,9.086523908721488851e+00,-7.480525283204113585e+00,1.148735498258885102e+00,3.269440692706030438e-01,3.558186057613548225e+00,3.061631387809539140e-01
6.309170250824396931e+01,8.905572527731772325e+00,-7.423228943073163499e+00,1.221523503367068386e+00,3.150086659368199760e-01,3.574480542656874871e+00,4.206622638979587991e-01
6.329135979466246198e+01,8.710267500835566779e+00,-7.368398741774941030e+00,1.296372082729930320e+00,3.020051731456225297e-01,3.598274386780737633e+00,5.352642943968208833e-01
6.349101708108095465e+01,8.513306991068905205e+00,-7.323250530016104598e+00,1.384201961472344422e+00,2.862895047033238161e-01,3.628208786596275992e+00,6.768138755732239220e-01
6.369067436749944733e+01,8.310054889724462157e+00,-7.289241473641788538e+00,1.467789772580030849e+00,2.695733516570663624e-01,3.666449445896509562e+00,8.216654547185553437e-01
6.389033165391794000e+01,8.122729771465792226e+00,-7.251356091823530470e+00,1.539230996465242640e+00,2.510853775364093599e-01,3.709032391126671602e+00,9.913382270675403785e-01
6.408998894033643978e+01,7.915823538723361530e+00,-7.252709369154699104e+00,1.595201575152006335e+00,2.300582567544720569e-01,3.763928555206039306e+00,1.186228288545052800e+00
6.428964622675492535e+01,7.728580172373632706e+00,-7.269519920524111001e+00,1.649977952295154537e+00,2.096886073093649216e-01,3.822717833079407157e+00,1.381284392250897941e+00
6.448930351317342513e+01,7.526631166880698665e+00,-7.314796932933520957e+00,1.698006596278782254e+00,1.897022984859517980e-01,3.896783201737530788e+00,1.564885902417346930e+00
6.468896079959191070e+01,7.336138136207730476e+00,-7.369129764640026004e+00,1.743416430912162696e+00,1.678986594006991462e-01,3.975537176750989943e+00,1.791879175870181307e+00
6.488861808601041048e+01,7.140177491251117559e+00,-7.419067802779897747e+00,1.786184947807351264e+00,1.478212743868684842e-01,4.065663087139809839e+00,2.002071047771429413e+00
6.508827537242889605e+01,6.948678404026576771e+00,-7.470996914339029793e+00,1.810498881273543859e+00,1.214427676244694970e-01,4.162222771789064524e+00,2.341613543462548908e+00
6.528793265884739583e+01,6.757276781477011163e+00,-7.523363719818189743e+00,1.825392913594487965e+00,9.244804466318549963e-02,4.272402071057443962e+00,2.758007062804125109e+00
6.548758994526588140e+01,6.561779965318843111e+00,-7.572852655161756097e+00,1.826851613817726872e+00,5.965668103880741174e-02,4.400658822315797636e+00,3.290200761450659872e+00
6.568724723168438118e+01,6.371459363296628986e+00,-7.627245975754335383e+00,1.820753200298517172e+00,2.815981059002659395e-02,4.546243293998784907e+00,3.863483795822947986e+00
6.588690451810288096e+01,6.174753875498672606e+00,-7.677538935758876804e+00,1.813741873572253027e+00,1.366272830369817319e-05,4.715629131075416147e+00,4.445196179750613652e+00
6.608656180452136653e+01,5.980974235159587593e+00,-7.725589377811880709e+00,1.800973266728151501e+00,-2.478515946347448207e-02,4.900215170392476338e+00,3.850356056416071038e+00
6.628621909093986631e+01,5.791700069904277548e+00,-7.773581328977655858e+00,1.790435416812373504e+00,-4.972317976650943855e-02,5.051314555488519709e+00,3.176774346903576074e+00
6.648587637735835187e+01,5.586342787844563063e+00,-7.822768461239429705e+00,1.779575018074249115e+00,-7.288770674296722596e-02,5.182415538500842800e+00,2.487923458981861735e+00
6.668553366377685165e+01,5.403633022742946324e+00,-7.862490558016506981e+00,1.763267962331067196e+00,-9.329759966145675931e-02,5.271413832863806270e+00,1.852964605847663648e+00
6.688519095019533722e+01,5.206218440980833861e+00,-7.898381970462008184e+00,1.739007388638999174e+00,-1.108497753233478877e-01,5.341479303899859588e+00,1.282800592419839347e+00
6.708484823661383700e+01,5.009315815771439695e+00,-7.925447769848214641e+00,1.706462172148133227e+00,-1.221191770304823343e-01,5.389000368047292433e+00,8.989972951779043875e-01
6.728450552303233678e+01,4.811560043878634119e+00,-7.957726486602778593e+00,1.665530597372876898e+00,-1.280144071253291604e-01,5.422323688766541139e+00,6.816723517705697288e-01
6.748416280945082235e+01,4.599658911420674734e+00,-7.988559362218746962e+00,1.622419782531181909e+00,-1.302240164941287082e-01,5.449177065074480630e+00,5.786891701079186490e-01
6.768382009586932213e+01,4.415732032192044798e+00,-8.008386166668511663e+00,1.580235999949300307e+00,-1.299319481244890773e-01,5.468787518076552168e+00,5.595424714612675654e-01
6.788347738228780770e+01,4.219091831852932017e+00,-8.009641122037583827e+00,1.539285553730406431e+00,-1.287688120592392904e-01,5.488870419916486831e+00,5.659920557971818145e-01
6.808313466870630748e+01,4.008605955428247825e+00,-7.994826205984894685e+00,1.496230821513467202e+00,-1.245843701063028691e-01,5.510585686392009741e+00,6.623019219797086077e-01
6.828279195512479305e+01,3.818604284866984777e+00,-7.961062309281452087e+00,1.451426049409550334e+00,-1.211387460610661992e-01,5.533730608162402476e+00,7.359681862253151241e-01
6.848244924154329283e+01,3.624018585549767746e+00,-7.924160503137656519e+00,1.406955361447427055e+00,-1.176924313045342313e-01,5.560008736238184035e+00,8.071918221522365045e-01
6.868210652796179261e+01,3.423444885099944379e+00,-7.881183442048329546e+00,1.370865519356853302e+00,-1.129217872987079013e-01,5.589709280532167313e+00,9.172757120894872163e-01
6.888176381438027818e+01,3.232853028471244006e+00,-7.836179111741818026e+00,1.343545640984165068e+00,-1.062188018795895972e-01,5.621753812864863420e+00,1.088548671190380013e+00
6.908142110079877796e+01,3.041723262326545996e+00,-7.778460719168212023e+00,1.322859211162227933e+00,-9.749371453868511950e-02,5.660281234647932536e+00,1.321919972142763466e+00
6.928107838721726353e+01,2.849564657895301778e+00,-7.722403764794950831e+00,1.314212730612178692e+00,-8.672336651972301080e-02,5.706837684612326100e+00,1.621093714987816847e+00
6.948073567363576331e+01,2.657827589607637098e+00,-7.667530135288233240e+00,1.306848138623027733e+00,-7.546154453563758135e-02,5.763211013874747657e+00,1.939074893033620572e+00
6.968039296005424887e+01,2.465613070765639847e+00,-7.613217959118741440e+00,1.301915996666438424e+00,-6.448633765589233124e-02,5.830027825108718531e+00,2.253659396000819992e+00
6.988005024647274865e+01,2.273296373154625183e+00,-7.559685299874374209e+00,1.299549241750639350e+00,-5.387438929186445097e-02,5.906692206752651941e+00,2.565875741040258617e+00
7.007970753289123422e+01,2.080760853468381910e+00,-7.506800524429311672e+00,1.303489721416517533e+00,-4.278995924066215928e-02,5.992800002514219848e+00,2.908756300293608543e+00
7.027936481930973400e+01,1.888064323922121535e+00,-7.454552958494558901e+00,1.306710750438544899e+00,-3.132166054980895648e-02,6.088936042297538265e+00,3.284244983456231282e+00
7.047902210572823378e+01,1.695205835005562101e+00,-7.402891913416374869e+00,1.309611988749082467e+00,-1.999152356218575344e-02,6.195691467894514304e+00,3.678093526259653245e+00
7.067867939214671935e+01,1.502202400690132444e+00,-7.351779162397508394e+00,1.312354809739340933e+00,-1.081462445696345330e-02,6.313105856417603690e+00,4.014479837812333862e+00
7.087833667856521913e+01,1.309065519095645502e+00,-7.301171485825934226e+00,1.314860233640949172e+00,-3.888398798215892196e-03,6.438815500575599593e+00,4.284293420929778939e+00
7.107799396498370470e+01,1.115807700969934979e+00,-7.251028340713266296e+00,1.317155562395071478e+00,1.322116659065516271e-03,6.570321409816222591e+00,4.388425382758225801e+00
7.127765125140220448e+01,9.224406201099640823e-01,-7.201307443576860479e+00,1.319231556804790539e+00,3.463075497437147817e-03,6.702349202654306559e+00,4.289933506561765419e+00
7.147730853782069005e+01,7.289762297435876670e-01,-7.151967276640303517e+00,1.321090838312508176e+00,5.228523470388361620e-03,6.828946876709852454e+00,4.201670341466029690e+00
7.167696582423918983e+01,5.354254624156460363e-01,-7.102966188098418066e+00,1.322732656200456880e+00,6.330368368860477164e-03,6.950705223170190905e+00,4.139665324632735732e+00
7.187662311065767540e+01,3.417998372362211490e-01,-7.054261488758877263e+00,1.324157266261062560e+00,6.735352922507051657e-03,7.068615971881260229e+00,4.108965856720161902e+00
7.207628039707617518e+01,1.481103977381168224e-01,-7.005811746795395756e+00,1.325364278554496344e+00,5.506339518690836661e-03,7.183738620006734799e+00,1.218426210509055752e+00
7.227593768349467496e+01,-4.563235047642326403e-02,-6.957574773119635125e+00,1.326354094379629256e+00,4.403071385122777140e-03,7.217522848014188419e+00,-4.216023669968903320e+00
7.247559496991316053e+01,-2.394173041290152404e-01,-6.909508396046687650e+00,1.327126294531479456e+00,3.325435566297343503e-03,7.099937842436272462e+00,-4.277789435178359412e+00
7.267525225633166031e+01,-4.332343422617703776e-01,-6.861571045787892231e+00,1.327681147902605385e+00,2.233022435767740340e-03,6.978605424215444053e+00,-4.336700690794628166e+00
7.287490954275014587e+01,-6.270727853457848111e-01,-6.813719806679100266e+00,1.328018697932870751e+00,1.145670668011744987e-03,6.853409718782049076e+00,-4.391665277270018208e+00
7.307456682916864565e+01,-8.209219444096861329e-01,-6.765912858879816305e+00,1.328138615651782040e+00,5.650631731796841421e-05,6.724252338927128037e+00,-4.400645046578500974e+00
7.327422411558713122e+01,-1.014771851342441078e+00,-6.718108306798423968e+00,1.328041295741792194e+00,-1.032137137904067968e-03,6.592293012922445072e+00,-4.357021395067657288e+00
7.347388140200563100e+01,-1.208611709983779647e+00,-6.670263473740281945e+00,1.327726394784490616e+00,-2.120847912861652945e-03,6.458986400237193948e+00,-4.317137955137760663e+00
7.367353868842413078e+01,-1.402431407978101952e+00,-6.622337051870529123e+00,1.327194080077561456e+00,-3.209483636424062709e-03,6.324129152659338615e+00,-4.280954294457479214e+00
7.387319597484261635e+01,-1.596220413295149854e+00,-6.574286192936399154e+00,1.326444487502211889e+00,-4.297897655696385384e-03,6.187500418295556415e+00,-4.248416750304305545e+00
7.407285326126111613e+01,-1.789967868452158939e+00,-6.526068740541740354e+00,1.325477337544532119e+00,-5.386450182641559954e-03,6.048860008887404049e+00,-4.219556706888609732e+00
7.427251054767960170e+01,-1.983663513784235111e+00,-6.477643255868625438e+00,1.324292856131755514e+00,-6.473319303317024223e-03,5.907941854270531756e+00,-4.194106280753004512e+00
7.447216783409810148e+01,-2.177296210623138162e+00,-6.428966870103218767e+00,1.322890937575611936e+00,-7.565489375774172090e-03,5.764460913209448201e+00,-4.172929627676548847e+00
7.467182512051658705e+01,-2.370855273961904874e+00,-6.379998498986508615e+00,1.321271593740080963e+00,-8.635838694978217184e-03,5.618068922579237956e+00,-4.152736063224533147e+00
7.487148240693508683e+01,-2.564329469454591504e+00,-6.330695647247277513e+00,1.319435063575038924e+00,-9.789978871104880465e-03,5.468496166136124437e+00,-4.144788841582633054e+00
7.507113969335358661e+01,-2.757707272638294960e+00,-6.281016132397009955e+00,1.317381200354695636e+00,-1.064487798174566444e-02,5.315014185944875180e+00,-4.098777512421192704e+00
7.527079697977207218e+01,-2.950977175682772735e+00,-6.230918915297031013e+00,1.315110082801477009e+00,-1.302847180076814604e-02,5.158747438868090285e+00,-4.026240312635323448e+00
7.547045426619057196e+01,-3.144127153796246521e+00,-6.180361419756762231e+00,1.312621983528742486e+00,-1.676707440828220305e-02,5.000493962539043658e+00,-3.937263406668288557e+00
7.567011155260905753e+01,-3.337145131677646148e+00,-6.129302870649883772e+00,1.309916720327397144e+00,-2.168917038973406861e-02,4.840737084088896580e+00,-3.858612519979966571e+00
7.586976883902755731e+01,-3.530018715772740290e+00,-6.077701402192754898e+00,1.306995134596247610e+00,-2.680838488886628720e-02,4.678882052335361585e+00,-3.716220912822736366e+00
7.606942612544604287e+01,-3.722734717761651879e+00,-6.025515174241670380e+00,1.303855398016604106e+00,-3.573496237948269733e-02,4.517521366704943198e+00,-3.354944436317902401e+00
7.626908341186454265e+01,-3.915280205556341819e+00,-5.972703628376872409e+00,1.300505187055214673e+00,-5.719199706262816096e-02,4.366729277786941310e+00,-2.996467929960741294e+00
7.646874069828302822e+01,-4.107641691780997029e+00,-5.919225104792398717e+00,1.296916192947579205e+00,-8.107927625790790904e-02,4.227504387628059135e+00,-2.566383837949689717e+00
7.666839798470152800e+01,-4.299803766858477871e+00,-5.865039433487228671e+00,1.293196985506861907e+00,-1.115400551483257535e-01,4.104510646493238823e+00,-2.192839094203649530e+00
7.686805527112002778e+01,-4.491757513677696600e+00,-5.810105284629850431e+00,1.288925885622886902e+00,-1.410437361851925586e-01,3.996418945983048143e+00,-1.801453371921011071e+00
7.706771255753851335e+01,-4.683468017262577554e+00,-5.754383097174621930e+00,1.285632066609955881e+00,-1.733566405147036193e-01,3.905389135627004293e+00,-1.488722160707301789e+00
7.726736984395701313e+01,-4.874994222258204779e+00,-5.697828432334776316e+00,1.276016709223367407e+00,-2.017250624435655837e-01,3.828506757627648138e+00,-1.146884342986459027e+00
7.746702713037549870e+01,-5.066040700022194976e+00,-5.640419065507387586e+00,1.260773023233798806e+00,-2.322986821857404571e-01,3.768274096692403319e+00,-8.331939390332717688e-01
7.766668441679399848e+01,-5.257634023427323555e+00,-5.582046212365117555e+00,1.240586061983908639e+00,-2.605128909591070130e-01,3.723725516287633042e+00,-5.194619621377641883e-01
7.786634170321248405e+01,-5.445892587586853573e+00,-5.522901647917381140e+00,1.219394699898740164e+00,-2.873877083050170866e-01,3.696095268962753977e+00,-2.932562347709789519e-01
7.806599898963098383e+01,-5.644911287816017698e+00,-5.462021479913421018e+00,1.182782425165442852e+00,-3.066864028020125366e-01,3.679545350855349728e+00,-1.607902562062651086e-01
7.826565627604946940e+01,-5.820309015763131200e+00,-5.394288294622274549e+00,1.095916877364179864e+00,-3.178900597453462318e-01,3.671319910454487800e+00,-1.156351138004723667e-01
7.846531356246796918e+01,-6.008513234304039941e+00,-5.310274823351469387e+00,9.991295719270265607e-01,-3.223802677128430050e-01,3.664822510779067066e+00,-9.010991491476104398e-02
7.866497084888646896e+01,-6.185324064991884363e+00,-5.218758838841029757e+00,8.758758989824029229e-01,-3.251493704574739962e-01,3.659924026640184458e+00,-6.533767215795822925e-02
7.886462813530495453e+01,-6.366967775172382105e+00,-5.122620017626398514e+00,7.562268709138106892e-01,-3.276556520030691200e-01,3.656253262068022813e+00,-3.274345908164702501e-02
7.906428542172345431e+01,-6.505620887531689434e+00,-5.009605217403709787e+00,6.251428717988560813e-01,-3.303833486082922710e-01,3.654650982496201017e+00,-2.959076563207975463e-02
7.926394270814193987e+01,-6.592054552484949426e+00,-4.815053908773544222e+00,5.095925113998083233e-01,-3.309315545534082248e-01,3.652926882539500486e+00,-2.818625793688569331e-02
7.946359999456043965e+01,-6.625323245932374761e+00,-4.637297372698932385e+00,3.850194930528034742e-01,-3.304098676792590061e-01,3.651531217731598389e+00,-3.815269047616999532e-02
7.966325728097892522e+01,-6.645345935026647943e+00,-4.425191242892389631e+00,2.696507826087537474e-01,-3.300030868171648923e-01,3.649304514759532658e+00,-4.975625983794471074e-02
7.986291456739742500e+01,-6.663577347601065348e+00,-4.232017938970969340e+00,1.594141347920630114e-01,-3.299943563095561472e-01,3.646658039319643940e+00,-4.772281999141497061e-02
8.006257185381592478e+01,-6.681969889588736500e+00,-4.025058544032618535e+00,7.921189871862277521e-02,-3.259974538699633717e-01,3.643937929203200810e+00,-1.083229815040014643e-01
8.026222914023441035e+01,-6.693165781480065135e+00,-3.832334986765077112e+00,3.112385289184338433e-02,-3.225727753890397231e-01,3.638194670020823196e+00,-1.410380125755479053e-01
8.046188642665291013e+01,-6.686623003438898927e+00,-3.636940813469517586e+00,9.604804019301305118e-03,-3.265578934608310835e-01,3.630607876728350725e+00,-1.403871057736847672e-01
8.066154371307139570e+01,-6.678543870733895105e+00,-3.434201822537664928e+00,-5.171834217551962709e-03,-3.280249841162061752e-01,3.622753717014350006e+00,-9.833446927191902276e-02
8.086120099948989548e+01,-6.670878210243932571e+00,-3.232375770604951626e+00,-1.945088154941254643e-02,-3.322346806989224244e-01,3.617267333034092314e+00,-7.851712655535081353e-02
8.106085828590838105e+01,-6.662466117811812971e+00,-3.033676696460077427e+00,-3.363679060977919910e-02,-3.345477346881923775e-01,3.612947888900586157e+00,-1.014914703226285804e-02
8.126051557232688083e+01,-6.653730223256024701e+00,-2.834073123911428738e+00,-4.544121422437452651e-02,-3.398908977107907292e-01,3.612386601314999446e+00,-6.308132364673760956e-03
8.146017285874538061e+01,-6.644558090584295584e+00,-2.634731456344367562e+00,-5.860172850089218066e-02,-3.380806144202649910e-01,3.612038115704429675e+00,-3.404761339989904878e-02
8.165983014516386618e+01,-6.635050265182127482e+00,-2.434489759524534502e+00,-7.716435448892400295e-02,-3.381530214491329511e-01,3.610147986366125661e+00,-3.632940039124153697e-02
8.185948743158236596e+01,-6.624790110625661477e+00,-2.238157392999427397e+00,-9.832085438493276541e-02,-3.375396679571198710e-01,3.608169029175738896e+00,0.000000000000000000e+00
8.205914471800085153e+01,-6.614881820841782556e+00,-2.031325975547599416e+00,-1.189729152148544244e-01,-3.414655271313172258e-01,3.608169029175738896e+00,0.000000000000000000e+00
8.225880200441935131e+01,-6.602210392113533999e+00,-1.832107273139518711e+00,-1.921632227689815675e-01,-3.312027464557610879e-01,3.608169029175738896e+00,1.336099484960300288e-01
8.245845929083783687e+01,-6.569971591411894352e+00,-1.648640278294476014e+00,-3.048636854115533978e-01,-3.312578312314433115e-01,3.615060292781857587e+00,1.164037263932556632e-01
8.265811657725633665e+01,-6.525074883134004189e+00,-1.449292267114890675e+00,-4.339756651398194442e-01,-3.301556565684571343e-01,3.621634035204169155e+00,1.151014541336631558e-01
8.285777386367482222e+01,-6.475305892606822766e+00,-1.249666061988877752e+00,-5.704346251354184272e-01,-3.294631726135333061e-01,3.628166790947586318e+00,1.085804711361588321e-01
8.305743115009332200e+01,-6.425608186946889511e+00,-1.052222892771886187e+00,-7.107549859071150555e-01,-3.297054449435202761e-01,3.634254890322754949e+00,5.867437402166673921e-02
8.325708843651182178e+01,-6.300118412088471231e+00,-1.016615650424326001e+00,-8.476413749058402392e-01,-3.323600141329770552e-01,3.636360269955973834e+00,-1.644956581485244873e-02
8.345674572293030735e+01,-6.112323752730594251e+00,-9.433450067717611409e-01,-9.649856682641381189e-01,-3.351156321497730795e-01,3.635448270913183233e+00,-6.823791234905240283e-03
8.365640300934880713e+01,-5.919427876257105758e+00,-8.903422200618046345e-01,-1.080643510526220652e+00,-3.359133377316383395e-01,3.635072763509939353e+00,-6.169049391483293066e-03
8.385606029576729270e+01,-5.727060238826388705e+00,-8.389130274926939190e-01,-1.188430948466293602e+00,-3.356549017692267434e-01,3.634734816661784773e+00,0.000000000000000000e+00
8.405571758218579248e+01,-5.538036882462943566e+00,-7.804058429962730248e-01,-1.284309712331361819e+00,-3.364923169105485390e-01,3.634734816661784773e+00,0.000000000000000000e+00
8.425537486860427805e+01,-5.345187183871177972e+00,-7.225765063198840155e-01,-1.291416979342347338e+00,-3.224389545668654433e-01,3.634734816661784773e+00,1.856631464053666580e-01
8.445503215502277783e+01,-5.150575925168054958e+00,-6.654231283017659759e-01,-1.313155989751603192e+00,-2.972152717857103332e-01,3.645080703856216520e+00,4.965156057461636019e-01
8.465468944144126340e+01,-4.956336006753292445e+00,-6.122375878101566915e-01,-1.323531483941035702e+00,-2.678356493385437576e-01,3.672410609536249648e+00,8.333078159898065218e-01
8.485434672785976318e+01,-4.771140745969876917e+00,-5.643223320863207659e-01,-1.335045341926327511e+00,-2.366003826648806763e-01,3.715563512925771583e+00,1.179134186236296733e+00
8.505400401427826296e+01,-4.577518525478833311e+00,-5.077931890407340054e-01,-1.350198679706288374e+00,-2.042281336811485326e-01,3.779032669502194963e+00,1.528900067741016500e+00
8.525366130069674853e+01,-4.377637652818773262e+00,-4.650896162690975055e-01,-1.372603184940420773e+00,-1.707801552448152405e-01,3.860838875224072542e+00,1.899837886513865870e+00
8.545331858711524831e+01,-4.175024216700945701e+00,-4.328734142712455935e-01,-1.396767283529726456e+00,-1.419093713930352219e-01,3.960506700567441030e+00,2.219564473101029112e+00
8.565297587353373387e+01,-3.989154710157681638e+00,-4.030824781476344265e-01,-1.418515264154480260e+00,-1.136357151518807701e-01,4.064633184649531827e+00,2.568096744933968445e+00
8.585263315995223365e+01,-3.784187712998721143e+00,-3.722003067477791527e-01,-1.438639791591127981e+00,-8.723005711938551510e-02,4.193551638274294113e+00,2.911483089346788233e+00
8.605229044637071922e+01,-3.591411056092235210e+00,-3.438807667762973641e-01,-1.462635773115491089e+00,-6.383002494743809929e-02,4.326714122683223529e+00,3.250572883976209582e+00
8.625194773278921900e+01,-3.397623868370124089e+00,-3.314481100297376193e-01,-1.479708956857706204e+00,-6.263711354601847470e-02,4.470221913369272215e+00,3.193829828748361077e+00
8.645160501920771878e+01,-3.194861511313763724e+00,-3.215939083582102231e-01,-1.491687578348956045e+00,-5.776480323219177621e-02,4.612980548815603932e+00,3.216288697143406150e+00
8.665126230562620435e+01,-2.992491163434193524e+00,-3.108479043672808251e-01,-1.503482444201195145e+00,-5.572585733144604092e-02,4.752177022805893714e+00,3.187032573458793649e+00
8.685091959204470413e+01,-2.794088764682417292e+00,-3.015101724129987670e-01,-1.515214432504366160e+00,-5.337776559730356141e-02,4.883565922861104802e+00,3.172482132110791220e+00
8.705057687846318970e+01,-2.594391002673603897e+00,-2.924566429149075275e-01,-1.526267685528943652e+00,-5.009180991105827152e-02,5.011745481421303161e+00,3.187314317514388318e+00
8.725023416488168948e+01,-2.394622276868382471e+00,-2.839607472490739415e-01,-1.529591422312017057e+00,-4.499416632991364712e-02,5.137333484164039454e+00,3.258005173622303019e+00
8.744989145130017505e+01,-2.196890105442447449e+00,-2.760584377226897868e-01,-1.531650468457889769e+00,-3.943336307008479119e-02,5.261335259619947635e+00,3.353919495877564216e+00
8.764954873771867483e+01,-1.991499325399664899e+00,-2.684090677745812337e-01,-1.534407481075208413e+00,-3.446608190551746220e-02,5.390763596102774002e+00,3.443904211948720206e+00
8.784920602413717461e+01,-1.794721210280002976e+00,-2.615079774112470390e-01,-1.536753278438028669e+00,-2.989471047815035754e-02,5.515118798334862404e+00,3.536206481671943624e+00
8.804886331055566018e+01,-1.601303709818614474e+00,-2.552053744051127615e-01,-1.539192303791966365e+00,-2.434547565291387758e-02,5.637835564054888060e+00,3.671674434448768398e+00
8.824852059697415996e+01,-1.397179082865843247e+00,-2.489732919730663907e-01,-1.541536101736050268e+00,-2.051791558619405972e-02,5.769302093286243327e+00,3.762564326267268555e+00
8.844817788339264553e+01,-1.197218268864962853e+00,-2.433544802444631561e-01,-1.543819267028355702e+00,-1.796096865291189892e-02,5.898319373689185241e+00,3.820634821443824158e+00
8.864783516981114531e+01,-9.980927132382395595e-01,-2.382419970389222375e-01,-1.546052953103848937e+00,-1.545798830411500638e-02,6.025964231253439607e+00,3.884185742786956386e+00
8.884749245622963087e+01,-7.993055799204844547e-01,-2.335754261124053099e-01,-1.548190538611128320e+00,-1.295941623923340703e-02,6.152797954072642739e+00,3.954896381665420790e+00
8.904714974264813065e+01,-5.972047494553176517e-01,-2.293164994683781210e-01,-1.550222576478946124e+00,-1.062191860697727676e-02,6.281389437110387775e+00,4.026403138096625867e+00
8.924680702906661622e+01,-3.991708449889939114e-01,-2.255567205613608073e-01,-1.552271448022278788e+00,-1.021836417016899236e-02,6.407095232149075059e+00,4.026027267849314306e+00
8.944646431548511600e+01,-1.996460779105167227e-01,-2.221655918719113998e-01,-1.554230448828293643e+00,-1.010780749809736881e-02,6.531285145038070894e+00,0.000000000000000000e+00
