0.0,0.0,0.9500000000000001,0.9500000000000001
0.20000000298023224,3.552713678800501e-15,0.9,0.9
0.4000000059604645,3.552713678800501e-15,0.9,0.9
0.6000000238418579,3.552713678800501e-15,0.9,0.9
0.8500000238418579,3.552713678800501e-15,0.9,0.9
1.100000023841858,3.552713678800501e-15,0.9,0.9
1.350000023841858,3.552713678800501e-15,0.9,0.9
1.600000023841858,0.05000000074505806,0.8500000000000001,0.8500000000000001
1.850000023841858,0.05000000074505806,0.8500000000000001,0.8500000000000001
2.0999999046325684,0.05000000074505806,0.8500000000000001,0.8500000000000001
2.299999952316284,0.05000000074505806,0.8500000000000001,0.8500000000000001
2.5,0.05000000074505806,0.8500000000000001,0.8500000000000001
2.700000047683716,0.05000000074505806,0.8631338250816034,0.8631338250816034
2.9000000953674316,0.05000000074505806,0.9,0.9
3.1500000953674316,0.05000000074505806,0.9,0.9
3.4000000953674316,0.05000000074505806,0.9,0.9
3.6500000953674316,0.05000000074505806,0.9,0.9
3.9000000953674316,0.05000000074505806,0.9,0.9
4.150000095367432,0.05000000074505806,0.9,0.9
4.400000095367432,0.05000000074505806,0.9,0.9
4.650000095367432,0.05000000074505806,0.9,0.9
4.900000095367432,0.05000000074505806,0.9,0.9
5.150000095367432,0.05000000074505806,0.9,0.9
5.400000095367432,0.05000000074505806,0.9,0.9
5.650000095367432,0.05000000074505806,0.9,0.9
5.900000095367432,0.05000000074505806,0.9,0.9
6.150000095367432,0.05000000074505806,0.9,0.9
6.400000095367432,0.05000000074505806,0.9,0.9
6.650000095367432,0.05000000074505806,0.9,0.9
6.900000095367432,0.05000000074505806,0.9,0.9
7.150000095367432,0.05000000074505806,0.9,0.9
7.400000095367432,0.05000000074505806,0.9,0.9
7.650000095367432,0.05000000074505806,0.9,0.9
7.900000095367432,0.05000000074505806,0.9,0.9
8.100000381469727,0.05000000074505806,0.9,0.9
8.350000381469727,0.05000000074505806,0.9,0.9
8.600000381469727,0.05000000074505806,0.9,0.9
8.850000381469727,0.05000000074505806,0.9,0.9
9.100000381469727,0.05000000074505806,0.9,0.9
9.350000381469727,0.05000000074505806,0.9,0.9
9.600000381469727,0.05000000074505806,0.9,0.9
9.850000381469727,0.05000000074505806,0.9,0.9
10.100000381469727,0.05000000074505806,0.9,0.9
10.350000381469727,0.05000000074505806,0.9,0.9
10.600000381469727,0.05000000074505806,0.9,0.9
10.850000381469727,0.05000000074505806,0.9,0.9
11.100000381469727,0.05000000074505806,0.9,0.9
11.350000381469727,0.05000000074505806,0.9,0.9
11.600000381469727,0.05000000074505806,0.9,0.9
11.850000381469727,0.05000000074505806,0.9,0.9
12.100000381469727,0.05000000074505806,0.9,0.9
12.350000381469727,0.05000000074505806,0.9,0.9
12.600000381469727,0.05000000074505806,0.9,0.9
12.850000381469727,0.05000000074505806,0.9,0.9
13.100000381469727,0.05000000074505806,0.9,0.9
13.350000381469727,0.05000000074505806,0.9,0.9
13.600000381469727,0.05000000074505806,0.9,0.9
13.850000381469727,0.05000000074505806,0.9,0.9
14.100000381469727,0.05000000074505806,0.9,0.9
14.350000381469727,0.05000000074505806,0.9,0.9
14.600000381469727,0.05000000074505806,0.9,0.9
14.850000381469727,0.05000000074505806,0.9,0.9
15.100000381469727,0.05000000074505806,0.9,0.9
15.350000381469727,0.05000000074505806,0.9,0.9
15.600000381469727,0.05000000074505806,0.9,0.9
15.850000381469727,0.05000000074505806,0.9,0.9
16.100000381469727,0.05000000074505806,0.8860022573334675,0.8860022573334675
16.350000381469727,0.05000000074505806,0.8500000000000001,0.8500000000000001
16.600000381469727,0.05000000074505806,0.8500000000000001,0.8500000000000001
16.850000381469727,0.05000000074505806,0.8500000000000001,0.8500000000000001
17.100000381469727,0.05000000074505806,0.8500000000000001,0.8500000000000001
17.299999237060547,3.552713678800501e-15,0.9,0.9
17.5,3.552713678800501e-15,0.9,0.9
17.700000762939453,3.552713678800501e-15,0.9,0.9
17.950000762939453,3.552713678800501e-15,0.9,0.9
18.200000762939453,3.552713678800501e-15,0.9,0.9
18.450000762939453,3.552713678800501e-15,0.9,0.9
18.700000762939453,3.552713678800501e-15,0.9,0.9
18.950000762939453,3.552713678800501e-15,0.9,0.9
19.200000762939453,3.552713678800501e-15,0.9,0.9
19.450000762939453,3.552713678800501e-15,0.9,0.9
19.700000762939453,3.552713678800501e-15,0.8631338250816034,0.8631338250816034
19.950000762939453,3.552713678800501e-15,0.8500000000000001,0.8500000000000001
20.200000762939453,3.552713678800501e-15,0.8500000000000001,0.8500000000000001
20.450000762939453,3.552713678800501e-15,0.8500000000000001,0.8500000000000001
20.700000762939453,3.552713678800501e-15,0.8500000000000001,0.8500000000000001
20.899999618530273,-0.05000000074505806,0.9500000000000001,0.9500000000000001
21.100000381469727,-0.05000000074505806,0.9500000000000001,0.9500000000000001
21.350000381469727,-0.05000000074505806,0.9500000000000001,0.9500000000000001
21.600000381469727,-0.05000000074505806,0.9500000000000001,0.9500000000000001
21.850000381469727,-0.05000000074505806,0.9500000000000001,0.9500000000000001
22.049999237060547,-0.10000000149011612,0.9,0.9
22.25,-0.10000000149011612,0.9055385138137417,0.9055385138137417
22.450000762939453,-0.10000000149011612,0.9486832980505139,0.9486832980505139
22.649999618530273,-0.15000000596046448,0.9,0.9
22.850000381469727,-0.15000000596046448,0.9013878188659974,0.9013878188659974
23.049999237060547,-0.20000000298023224,0.873212459828649,0.873212459828649
23.25,-0.25,0.873212459828649,0.873212459828649
23.450000762939453,-0.30000001192092896,0.8860022573334675,0.8860022573334675
23.649999618530273,-0.3499999940395355,0.9178779875342911,0.9178779875342911
23.850000381469727,-0.44999998807907104,0.9013878188659974,0.9013878188659974
24.049999237060547,-0.550000011920929,0.9013878188659974,0.9013878188659974
24.25,-0.699999988079071,0.8845903006477066,0.8845903006477066
24.399999618530273,-0.8999999761581421,0.9192388155425117,0.9192388155425117
24.5,-1.100000023841858,0.894427190999916,0.894427190999916
24.600000381469727,-1.2999999523162842,0.9178779875342911,0.9178779875342911
24.649999618530273,-1.5,0.8246211251235321,0.8246211251235321
24.700000762939453,-1.7000000476837158,0.8631338250816034,0.8631338250816034
24.75,-1.899999976158142,0.9,0.9
24.75,-2.1500000953674316,0.8500000000000001,0.8500000000000001
24.799999237060547,-2.3499999046325684,0.8500000000000001,0.8500000000000001
24.850000381469727,-2.549999952316284,0.9500000000000001,0.9500000000000001
24.850000381469727,-2.75,0.9500000000000001,0.9500000000000001
24.850000381469727,-2.950000047683716,0.9500000000000001,0.9500000000000001
24.899999618530273,-3.1500000953674316,0.9500000000000001,0.9500000000000001
24.899999618530273,-3.4000000953674316,0.9055385138137417,0.9055385138137417
24.950000762939453,-3.5999999046325684,0.873212459828649,0.873212459828649
24.950000762939453,-3.799999952316284,0.9,0.9
25.0,-4.0,0.8860022573334675,0.8860022573334675
25.049999237060547,-4.199999809265137,0.9219544457292888,0.9219544457292888
25.100000381469727,-4.400000095367432,0.8860022573334675,0.8860022573334675
25.149999618530273,-4.599999904632568,0.9192388155425117,0.9192388155425117
25.200000762939453,-4.800000190734863,0.9178779875342911,0.9178779875342911
25.350000381469727,-5.0,0.9178779875342911,0.9178779875342911
25.450000762939453,-5.199999809265137,0.9013878188659974,0.9013878188659974
25.600000381469727,-5.349999904632568,0.8845903006477066,0.8845903006477066
25.75,-5.550000190734863,0.9300537618869138,0.9300537618869138
25.950000762939453,-5.699999809265137,0.8845903006477066,0.8845903006477066
26.100000381469727,-5.849999904632568,0.890224690738243,0.890224690738243
26.299999237060547,-6.0,0.9013878188659974,0.9013878188659974
26.5,-6.099999904632568,0.873212459828649,0.873212459828649
26.700000762939453,-6.25,0.9178779875342911,0.9178779875342911
26.899999618530273,-6.349999904632568,0.9178779875342911,0.9178779875342911
27.100000381469727,-6.400000095367432,0.894427190999916,0.894427190999916
27.299999237060547,-6.5,0.9192388155425117,0.9192388155425117
27.5,-6.599999904632568,0.873212459828649,0.873212459828649
27.700000762939453,-6.699999809265137,0.8860022573334675,0.8860022573334675
27.899999618530273,-6.75,0.9178779875342911,0.9178779875342911
28.100000381469727,-6.849999904632568,0.873212459828649,0.873212459828649
28.299999237060547,-6.949999809265137,0.9013878188659974,0.9013878188659974
28.5,-7.0,0.9178779875342911,0.9178779875342911
28.700000762939453,-7.099999904632568,0.8860022573334675,0.8860022573334675
28.899999618530273,-7.199999809265137,0.9340770846134703,0.9340770846134703
29.100000381469727,-7.25,0.9340770846134703,0.9340770846134703
29.299999237060547,-7.349999904632568,0.9192388155425117,0.9192388155425117
29.5,-7.400000095367432,0.9340770846134703,0.9340770846134703
29.700000762939453,-7.5,0.9192388155425117,0.9192388155425117
29.899999618530273,-7.550000190734863,0.9192388155425117,0.9192388155425117
30.100000381469727,-7.650000095367432,0.9192388155425117,0.9192388155425117
30.299999237060547,-7.699999809265137,0.894427190999916,0.894427190999916
30.5,-7.800000190734863,0.9340770846134703,0.9340770846134703
30.700000762939453,-7.849999904632568,0.873212459828649,0.873212459828649
30.899999618530273,-7.949999809265137,0.894427190999916,0.894427190999916
31.100000381469727,-8.050000190734863,0.9394147114027969,0.9394147114027969
31.299999237060547,-8.149999618530273,0.9178779875342911,0.9178779875342911
31.5,-8.25,0.9178779875342911,0.9178779875342911
31.700000762939453,-8.350000381469727,0.9178779875342911,0.9178779875342911
31.899999618530273,-8.449999809265137,0.9178779875342911,0.9178779875342911
32.099998474121094,-8.600000381469727,0.9013878188659974,0.9013878188659974
32.29999923706055,-8.75,0.9192388155425117,0.9192388155425117
32.45000076293945,-8.899999618530273,0.9192388155425117,0.9192388155425117
32.599998474121094,-9.050000190734863,0.9192388155425117,0.9192388155425117
32.75,-9.199999809265137,0.8845903006477066,0.8845903006477066
32.900001525878906,-9.399999618530273,0.9013878188659974,0.9013878188659974
33.04999923706055,-9.600000381469727,0.9013878188659974,0.9013878188659974
33.20000076293945,-9.800000190734863,0.9013878188659974,0.9013878188659974
33.29999923706055,-10.0,0.894427190999916,0.894427190999916
33.400001525878906,-10.199999809265137,0.9178779875342911,0.9178779875342911
33.5,-10.399999618530273,0.9300537618869138,0.9300537618869138
33.599998474121094,-10.600000381469727,0.873212459828649,0.873212459828649
33.70000076293945,-10.800000190734863,0.9178779875342911,0.9178779875342911
33.79999923706055,-11.0,0.873212459828649,0.873212459828649
33.900001525878906,-11.199999809265137,0.9178779875342911,0.9178779875342911
33.95000076293945,-11.399999618530273,0.9340770846134703,0.9340770846134703
34.0,-11.600000381469727,0.912414379544733,0.912414379544733
34.04999923706055,-11.800000190734863,0.8631338250816034,0.8631338250816034
34.04999923706055,-12.050000190734863,0.8139410298049854,0.8139410298049854
34.099998474121094,-12.25,0.8500000000000001,0.8500000000000001
34.099998474121094,-12.5,0.8015609770940699,0.8015609770940699
34.150001525878906,-12.699999809265137,0.9,0.9
34.150001525878906,-12.949999809265137,0.9,0.9
34.150001525878906,-13.199999809265137,0.9,0.9
34.099998474121094,-13.399999618530273,0.8,0.8
34.099998474121094,-13.600000381469727,0.8381527307120106,0.8381527307120106
34.099998474121094,-13.850000381469727,0.8514693182963202,0.8514693182963202
34.04999923706055,-14.050000190734863,0.8381527307120106,0.8381527307120106
34.0,-14.25,0.873212459828649,0.873212459828649
33.95000076293945,-14.5,0.8860022573334675,0.8860022573334675
33.900001525878906,-14.699999809265137,0.8860022573334675,0.8860022573334675
33.849998474121094,-14.899999618530273,0.8381527307120106,0.8381527307120106
33.79999923706055,-15.100000381469727,0.8860022573334675,0.8860022573334675
33.70000076293945,-15.300000190734863,0.9178779875342911,0.9178779875342911
33.599998474121094,-15.5,0.8500000000000001,0.8500000000000001
33.54999923706055,-15.699999809265137,0.873212459828649,0.873212459828649
33.45000076293945,-15.899999618530273,0.9178779875342911,0.9178779875342911
33.349998474121094,-16.100000381469727,0.894427190999916,0.894427190999916
33.25,-16.299999237060547,0.9178779875342911,0.9178779875342911
33.099998474121094,-16.5,0.890224690738243,0.890224690738243
33.0,-16.700000762939453,0.9178779875342911,0.9178779875342911
32.849998474121094,-16.850000381469727,0.8845903006477066,0.8845903006477066
32.70000076293945,-17.049999237060547,0.9178779875342911,0.9178779875342911
32.54999923706055,-17.200000762939453,0.8845903006477066,0.8845903006477066
32.400001525878906,-17.399999618530273,0.9192388155425117,0.9192388155425117
32.25,-17.549999237060547,0.9192388155425117,0.9192388155425117
32.04999923706055,-17.700000762939453,0.890224690738243,0.890224690738243
31.899999618530273,-17.850000381469727,0.9192388155425117,0.9192388155425117
31.700000762939453,-18.0,0.9219544457292888,0.9219544457292888
31.549999237060547,-18.149999618530273,0.8845903006477066,0.8845903006477066
31.350000381469727,-18.299999237060547,0.9013878188659974,0.9013878188659974
31.149999618530273,-18.450000762939453,0.9178779875342911,0.9178779875342911
30.950000762939453,-18.600000381469727,0.9013878188659974,0.9013878188659974
30.75,-18.700000762939453,0.9300537618869138,0.9300537618869138
30.549999237060547,-18.850000381469727,0.9178779875342911,0.9178779875342911
30.350000381469727,-18.950000762939453,0.9300537618869138,0.9300537618869138
30.149999618530273,-19.049999237060547,0.8500000000000001,0.8500000000000001
29.950000762939453,-19.200000762939453,0.9178779875342911,0.9178779875342911
29.75,-19.299999237060547,0.894427190999916,0.894427190999916
29.549999237060547,-19.399999618530273,0.873212459828649,0.873212459828649
29.350000381469727,-19.5,0.9394147114027969,0.9394147114027969
29.149999618530273,-19.549999237060547,0.8276472678623424,0.8276472678623424
28.950000762939453,-19.649999618530273,0.873212459828649,0.873212459828649
28.75,-19.75,0.9340770846134703,0.9340770846134703
28.549999237060547,-19.850000381469727,0.9340770846134703,0.9340770846134703
28.350000381469727,-19.899999618530273,0.8860022573334675,0.8860022573334675
28.149999618530273,-19.950000762939453,0.9013878188659974,0.9013878188659974
27.950000762939453,-20.0,0.9013878188659974,0.9013878188659974
27.75,-20.100000381469727,0.9486832980505139,0.9486832980505139
27.549999237060547,-20.149999618530273,0.873212459828649,0.873212459828649
27.350000381469727,-20.200000762939453,0.9340770846134703,0.9340770846134703
27.149999618530273,-20.25,0.9219544457292888,0.9219544457292888
26.899999618530273,-20.25,0.873212459828649,0.873212459828649
26.700000762939453,-20.299999237060547,0.8514693182963202,0.8514693182963202
26.5,-20.350000381469727,0.912414379544733,0.912414379544733
26.299999237060547,-20.350000381469727,0.9,0.9
26.049999237060547,-20.350000381469727,0.8514693182963202,0.8514693182963202
25.850000381469727,-20.399999618530273,0.8500000000000001,0.8500000000000001
25.649999618530273,-20.399999618530273,0.8500000000000001,0.8500000000000001
25.399999618530273,-20.399999618530273,0.8500000000000001,0.8500000000000001
25.149999618530273,-20.450000762939453,0.9500000000000001,0.9500000000000001
24.899999618530273,-20.450000762939453,0.9500000000000001,0.9500000000000001
24.649999618530273,-20.450000762939453,0.9500000000000001,0.9500000000000001
24.399999618530273,-20.450000762939453,0.912414379544733,0.912414379544733
24.149999618530273,-20.450000762939453,0.9,0.9
23.899999618530273,-20.450000762939453,0.9,0.9
23.649999618530273,-20.450000762939453,0.9,0.9
23.399999618530273,-20.450000762939453,0.9,0.9
23.200000762939453,-20.5,0.9500000000000001,0.9500000000000001
23.0,-20.5,0.9500000000000001,0.9500000000000001
22.799999237060547,-20.5,0.9500000000000001,0.9500000000000001
22.549999237060547,-20.5,0.9500000000000001,0.9500000000000001
22.299999237060547,-20.5,0.9500000000000001,0.9500000000000001
22.049999237060547,-20.5,0.9500000000000001,0.9500000000000001
21.799999237060547,-20.5,0.9500000000000001,0.9500000000000001
21.549999237060547,-20.5,0.9500000000000001,0.9500000000000001
21.299999237060547,-20.5,0.9500000000000001,0.9500000000000001
21.049999237060547,-20.5,0.9219544457292888,0.9219544457292888
20.799999237060547,-20.5,0.9,0.9
20.549999237060547,-20.5,0.9,0.9
20.299999237060547,-20.5,0.9,0.9
20.049999237060547,-20.5,0.9,0.9
19.799999237060547,-20.549999237060547,0.9,0.9
19.549999237060547,-20.549999237060547,0.9,0.9
19.299999237060547,-20.549999237060547,0.9,0.9
19.049999237060547,-20.549999237060547,0.9,0.9
18.799999237060547,-20.549999237060547,0.9,0.9
18.549999237060547,-20.549999237060547,0.9,0.9
18.299999237060547,-20.549999237060547,0.9,0.9
18.049999237060547,-20.549999237060547,0.9,0.9
17.799999237060547,-20.549999237060547,0.9,0.9
17.549999237060547,-20.549999237060547,0.9,0.9
17.299999237060547,-20.549999237060547,0.9,0.9
17.049999237060547,-20.549999237060547,0.9,0.9
16.799999237060547,-20.549999237060547,0.9,0.9
16.600000381469727,-20.5,0.9,0.9
16.399999618530273,-20.5,0.9,0.9
16.149999618530273,-20.5,0.9,0.9
15.899999618530273,-20.5,0.9,0.9
15.649999618530273,-20.5,0.9055385138137417,0.9055385138137417
15.399999618530273,-20.5,0.9500000000000001,0.9500000000000001
15.149999618530273,-20.5,0.9500000000000001,0.9500000000000001
14.899999618530273,-20.5,0.9500000000000001,0.9500000000000001
14.649999618530273,-20.5,0.9500000000000001,0.9500000000000001
14.399999618530273,-20.5,0.9500000000000001,0.9500000000000001
14.149999618530273,-20.5,0.9500000000000001,0.9500000000000001
13.899999618530273,-20.5,0.9500000000000001,0.9500000000000001
13.649999618530273,-20.5,0.9500000000000001,0.9500000000000001
13.399999618530273,-20.5,0.9500000000000001,0.9500000000000001
13.199999809265137,-20.450000762939453,0.9,0.9
12.949999809265137,-20.450000762939453,0.9,0.9
12.75,-20.399999618530273,0.8,0.8
12.5,-20.399999618530273,0.8062257748298549,0.8062257748298549
12.300000190734863,-20.350000381469727,0.8544003745317531,0.8544003745317531
12.100000381469727,-20.299999237060547,0.8246211251235321,0.8246211251235321
11.899999618530273,-20.25,0.9178779875342911,0.9178779875342911
11.699999809265137,-20.149999618530273,0.890224690738243,0.890224690738243
11.5,-20.049999237060547,0.890224690738243,0.890224690738243
11.300000190734863,-19.899999618530273,0.890224690738243,0.890224690738243
11.149999618530273,-19.75,0.9192388155425117,0.9192388155425117
11.0,-19.600000381469727,0.9300537618869138,0.9300537618869138
10.850000381469727,-19.399999618530273,0.9178779875342911,0.9178779875342911
10.699999809265137,-19.200000762939453,0.894427190999916,0.894427190999916
10.600000381469727,-19.0,0.9604686356149273,0.9604686356149273
10.5,-18.799999237060547,0.9394147114027969,0.9394147114027969
10.449999809265137,-18.600000381469727,0.9340770846134703,0.9340770846134703
10.350000381469727,-18.399999618530273,0.9340770846134703,0.9340770846134703
10.300000190734863,-18.149999618530273,0.9013878188659974,0.9013878188659974
10.300000190734863,-17.899999618530273,0.8514693182963202,0.8514693182963202
10.25,-17.700000762939453,0.9,0.9
10.25,-17.5,0.9,0.9
10.300000190734863,-17.299999237060547,0.873212459828649,0.873212459828649
10.300000190734863,-17.049999237060547,0.912414379544733,0.912414379544733
10.350000381469727,-16.850000381469727,0.9013878188659974,0.9013878188659974
10.350000381469727,-16.649999618530273,0.9192388155425117,0.9192388155425117
10.449999809265137,-16.450000762939453,0.9178779875342911,0.9178779875342911
10.5,-16.25,0.9340770846134703,0.9340770846134703
10.600000381469727,-16.049999237060547,0.9178779875342911,0.9178779875342911
10.699999809265137,-15.850000381469727,0.894427190999916,0.894427190999916
10.800000190734863,-15.649999618530273,0.9013878188659974,0.9013878188659974
10.899999618530273,-15.449999809265137,0.848528137423857,0.848528137423857
11.050000190734863,-15.300000190734863,0.9178779875342911,0.9178779875342911
11.199999809265137,-15.100000381469727,0.9013878188659974,0.9013878188659974
11.350000381469727,-14.899999618530273,0.890224690738243,0.890224690738243
11.5,-14.75,0.95524865872714,0.95524865872714
11.649999618530273,-14.600000381469727,0.9192388155425117,0.9192388155425117
11.800000190734863,-14.449999809265137,0.890224690738243,0.890224690738243
11.949999809265137,-14.300000190734863,0.8845903006477066,0.8845903006477066
12.149999618530273,-14.149999618530273,0.8746427842267951,0.8746427842267951
12.300000190734863,-14.0,0.9192388155425117,0.9192388155425117
12.5,-13.899999618530273,0.9178779875342911,0.9178779875342911
12.699999809265137,-13.75,0.9178779875342911,0.9178779875342911
12.899999618530273,-13.649999618530273,0.894427190999916,0.894427190999916
13.100000381469727,-13.550000190734863,0.9617692030835672,0.9617692030835672
13.300000190734863,-13.449999809265137,0.9192388155425117,0.9192388155425117
13.5,-13.350000381469727,0.9486832980505139,0.9486832980505139
13.699999809265137,-13.300000190734863,0.9486832980505139,0.9486832980505139
13.899999618530273,-13.25,0.9486832980505139,0.9486832980505139
14.100000381469727,-13.199999809265137,0.9055385138137417,0.9055385138137417
14.350000381469727,-13.199999809265137,0.9500000000000001,0.9500000000000001
14.550000190734863,-13.149999618530273,0.9,0.9
14.800000190734863,-13.149999618530273,0.9055385138137417,0.9055385138137417
15.0,-13.100000381469727,0.9486832980505139,0.9486832980505139
15.25,-13.100000381469727,0.9500000000000001,0.9500000000000001
15.5,-13.100000381469727,0.9500000000000001,0.9500000000000001
15.699999809265137,-13.050000190734863,0.9,0.9
15.949999809265137,-13.050000190734863,0.9,0.9
16.200000762939453,-13.050000190734863,0.9340770846134703,0.9340770846134703
16.450000762939453,-13.050000190734863,0.9500000000000001,0.9500000000000001
16.700000762939453,-13.050000190734863,0.9500000000000001,0.9500000000000001
16.950000762939453,-13.0,0.9,0.9
17.200000762939453,-13.0,0.9,0.9
17.450000762939453,-13.0,0.9,0.9
17.700000762939453,-13.0,0.9055385138137417,0.9055385138137417
17.950000762939453,-13.0,0.9500000000000001,0.9500000000000001
18.200000762939453,-13.0,0.9500000000000001,0.9500000000000001
18.450000762939453,-13.0,0.9500000000000001,0.9500000000000001
18.700000762939453,-13.0,0.9500000000000001,0.9500000000000001
18.950000762939453,-13.0,0.9500000000000001,0.9500000000000001
19.200000762939453,-13.0,0.9500000000000001,0.9500000000000001
19.450000762939453,-13.0,0.9500000000000001,0.9500000000000001
19.700000762939453,-13.0,0.9500000000000001,0.9500000000000001
19.950000762939453,-13.0,0.9500000000000001,0.9500000000000001
20.200000762939453,-13.0,0.9500000000000001,0.9500000000000001
20.450000762939453,-13.0,0.9500000000000001,0.9500000000000001
20.700000762939453,-13.0,0.9500000000000001,0.9500000000000001
20.950000762939453,-13.0,0.9500000000000001,0.9500000000000001
21.200000762939453,-13.0,0.9500000000000001,0.9500000000000001
21.450000762939453,-13.0,0.9500000000000001,0.9500000000000001
21.700000762939453,-13.0,0.9500000000000001,0.9500000000000001
21.950000762939453,-13.0,0.9500000000000001,0.9500000000000001
22.200000762939453,-13.0,0.9500000000000001,0.9500000000000001
22.450000762939453,-13.0,0.9500000000000001,0.9500000000000001
22.700000762939453,-13.0,0.9500000000000001,0.9500000000000001
22.950000762939453,-13.0,0.9500000000000001,0.9500000000000001
23.200000762939453,-13.0,0.9500000000000001,0.9500000000000001
23.450000762939453,-13.0,0.9500000000000001,0.9500000000000001
23.700000762939453,-13.0,0.9500000000000001,0.9500000000000001
23.950000762939453,-13.0,0.9500000000000001,0.9500000000000001
24.200000762939453,-13.0,0.9500000000000001,0.9500000000000001
24.399999618530273,-12.949999809265137,0.8500000000000001,0.8500000000000001
24.600000381469727,-12.949999809265137,0.8500000000000001,0.8500000000000001
24.799999237060547,-12.899999618530273,0.8,0.8
25.0,-12.899999618530273,0.8139410298049854,0.8139410298049854
25.200000762939453,-12.850000381469727,0.873212459828649,0.873212459828649
25.399999618530273,-12.800000190734863,0.873212459828649,0.873212459828649
25.600000381469727,-12.699999809265137,0.8602325267042628,0.8602325267042628
25.799999237060547,-12.600000381469727,0.9192388155425117,0.9192388155425117
25.950000762939453,-12.399999618530273,0.890224690738243,0.890224690738243
26.100000381469727,-12.199999809265137,0.9178779875342911,0.9178779875342911
26.149999618530273,-12.0,0.8500000000000001,0.8500000000000001
26.200000762939453,-11.800000190734863,0.8544003745317531,0.8544003745317531
26.25,-11.600000381469727,0.8558621384311845,0.8558621384311845
26.299999237060547,-11.399999618530273,0.8139410298049854,0.8139410298049854
26.299999237060547,-11.149999618530273,0.8062257748298549,0.8062257748298549
26.25,-10.949999809265137,0.8544003745317531,0.8544003745317531
26.200000762939453,-10.75,0.8544003745317531,0.8544003745317531
26.149999618530273,-10.550000190734863,0.8500000000000001,0.8500000000000001
26.100000381469727,-10.350000381469727,0.9394147114027969,0.9394147114027969
25.950000762939453,-10.199999809265137,0.95524865872714,0.95524865872714
25.799999237060547,-10.0,0.8845903006477066,0.8845903006477066
25.649999618530273,-9.800000190734863,0.9192388155425117,0.9192388155425117
25.5,-9.649999618530273,0.8845903006477066,0.8845903006477066
25.299999237060547,-9.5,0.9013878188659974,0.9013878188659974
25.100000381469727,-9.399999618530273,0.9178779875342911,0.9178779875342911
24.899999618530273,-9.25,0.890224690738243,0.890224690738243
24.700000762939453,-9.100000381469727,0.9300537618869138,0.9300537618869138
24.5,-9.0,0.9178779875342911,0.9178779875342911
24.299999237060547,-8.850000381469727,0.9013878188659974,0.9013878188659974
24.100000381469727,-8.75,0.9013878188659974,0.9013878188659974
23.899999618530273,-8.600000381469727,0.894427190999916,0.894427190999916
23.700000762939453,-8.449999809265137,0.8746427842267951,0.8746427842267951
23.5,-8.350000381469727,0.9178779875342911,0.9178779875342911
23.299999237060547,-8.199999809265137,0.9013878188659974,0.9013878188659974
23.100000381469727,-8.100000381469727,0.9178779875342911,0.9178779875342911
22.899999618530273,-8.0,0.8746427842267951,0.8746427842267951
22.700000762939453,-7.849999904632568,0.894427190999916,0.894427190999916
22.5,-7.75,0.9178779875342911,0.9178779875342911
22.299999237060547,-7.599999904632568,0.9178779875342911,0.9178779875342911
22.100000381469727,-7.5,0.9178779875342911,0.9178779875342911
21.899999618530273,-7.349999904632568,0.894427190999916,0.894427190999916
21.700000762939453,-7.25,0.9300537618869138,0.9300537618869138
21.5,-7.150000095367432,0.9178779875342911,0.9178779875342911
21.299999237060547,-7.0,0.9178779875342911,0.9178779875342911
21.100000381469727,-6.900000095367432,0.9300537618869138,0.9300537618869138
20.899999618530273,-6.800000190734863,0.894427190999916,0.894427190999916
20.700000762939453,-6.699999809265137,0.9178779875342911,0.9178779875342911
20.5,-6.550000190734863,0.9178779875342911,0.9178779875342911
20.299999237060547,-6.449999809265137,0.9178779875342911,0.9178779875342911
20.100000381469727,-6.349999904632568,0.894427190999916,0.894427190999916
19.899999618530273,-6.25,0.894427190999916,0.894427190999916
19.700000762939453,-6.099999904632568,0.873212459828649,0.873212459828649
19.5,-6.0,0.9300537618869138,0.9300537618869138
19.299999237060547,-5.900000095367432,0.9178779875342911,0.9178779875342911
19.100000381469727,-5.800000190734863,0.9178779875342911,0.9178779875342911
18.899999618530273,-5.699999809265137,0.9394147114027969,0.9394147114027969
18.700000762939453,-5.550000190734863,0.9178779875342911,0.9178779875342911
18.5,-5.449999809265137,0.873212459828649,0.873212459828649
18.299999237060547,-5.349999904632568,0.894427190999916,0.894427190999916
18.100000381469727,-5.25,0.9178779875342911,0.9178779875342911
17.899999618530273,-5.150000095367432,0.9340770846134703,0.9340770846134703
17.700000762939453,-5.050000190734863,0.9178779875342911,0.9178779875342911
17.5,-5.0,0.9178779875342911,0.9178779875342911
17.299999237060547,-4.900000095367432,0.9178779875342911,0.9178779875342911
17.100000381469727,-4.800000190734863,0.9192388155425117,0.9192388155425117
16.899999618530273,-4.75,0.9178779875342911,0.9178779875342911
16.700000762939453,-4.699999809265137,0.9192388155425117,0.9192388155425117
16.5,-4.599999904632568,0.8860022573334675,0.8860022573334675
16.299999237060547,-4.550000190734863,0.9192388155425117,0.9192388155425117
16.100000381469727,-4.5,0.9219544457292888,0.9219544457292888
15.899999618530273,-4.449999809265137,0.9055385138137417,0.9055385138137417
15.699999809265137,-4.400000095367432,0.9219544457292888,0.9219544457292888
15.449999809265137,-4.400000095367432,0.8860022573334675,0.8860022573334675
15.25,-4.349999904632568,0.9055385138137417,0.9055385138137417
15.0,-4.300000190734863,0.9500000000000001,0.9500000000000001
14.75,-4.300000190734863,0.9340770846134703,0.9340770846134703
14.5,-4.300000190734863,0.9,0.9
14.300000190734863,-4.25,0.9340770846134703,0.9340770846134703
14.050000190734863,-4.25,0.9500000000000001,0.9500000000000001
13.800000190734863,-4.25,0.9500000000000001,0.9500000000000001
13.550000190734863,-4.199999809265137,0.8500000000000001,0.8500000000000001
13.300000190734863,-4.199999809265137,0.8558621384311845,0.8558621384311845
13.050000190734863,-4.199999809265137,0.9,0.9
12.800000190734863,-4.199999809265137,0.9,0.9
12.550000190734863,-4.199999809265137,0.9,0.9
12.350000381469727,-4.150000095367432,0.9013878188659974,0.9013878188659974
12.149999618530273,-4.150000095367432,0.9486832980505139,0.9486832980505139
11.899999618530273,-4.150000095367432,0.9500000000000001,0.9500000000000001
11.649999618530273,-4.150000095367432,0.9500000000000001,0.9500000000000001
11.399999618530273,-4.099999904632568,0.8500000000000001,0.8500000000000001
11.149999618530273,-4.099999904632568,0.8500000000000001,0.8500000000000001
10.899999618530273,-4.099999904632568,0.8500000000000001,0.8500000000000001
10.649999618530273,-4.099999904632568,0.8860022573334675,0.8860022573334675
10.399999618530273,-4.099999904632568,0.8514693182963202,0.8514693182963202
10.149999618530273,-4.099999904632568,0.8500000000000001,0.8500000000000001
9.899999618530273,-4.099999904632568,0.8500000000000001,0.8500000000000001
9.699999809265137,-4.150000095367432,0.9500000000000001,0.9500000000000001
9.449999809265137,-4.150000095367432,0.9500000000000001,0.9500000000000001
9.25,-4.199999809265137,0.9500000000000001,0.9500000000000001
9.050000190734863,-4.25,0.8500000000000001,0.8500000000000001
8.800000190734863,-4.25,0.873212459828649,0.873212459828649
8.600000381469727,-4.300000190734863,0.873212459828649,0.873212459828649
8.399999618530273,-4.349999904632568,0.8860022573334675,0.8860022573334675
8.199999809265137,-4.449999809265137,0.873212459828649,0.873212459828649
8.0,-4.599999904632568,0.9013878188659974,0.9013878188659974
7.849999904632568,-4.75,0.9192388155425117,0.9192388155425117
7.699999809265137,-4.900000095367432,0.9013878188659974,0.9013878188659974
7.550000190734863,-5.099999904632568,0.9013878188659974,0.9013878188659974
7.449999809265137,-5.300000190734863,0.894427190999916,0.894427190999916
7.349999904632568,-5.5,0.8860022573334675,0.8860022573334675
7.300000190734863,-5.699999809265137,0.9340770846134703,0.9340770846134703
7.25,-5.900000095367432,0.912414379544733,0.912414379544733
7.199999809265137,-6.099999904632568,0.9013878188659974,0.9013878188659974
7.199999809265137,-6.300000190734863,0.9340770846134703,0.9340770846134703
7.150000095367432,-6.5,0.9013878188659974,0.9013878188659974
7.150000095367432,-6.75,0.9,0.9
7.099999904632568,-6.949999809265137,0.9,0.9
7.099999904632568,-7.150000095367432,0.9,0.9
7.099999904632568,-7.400000095367432,0.8558621384311845,0.8558621384311845
7.099999904632568,-7.650000095367432,0.8500000000000001,0.8500000000000001
7.099999904632568,-7.900000095367432,0.8500000000000001,0.8500000000000001
7.099999904632568,-8.100000381469727,0.8500000000000001,0.8500000000000001
7.050000190734863,-8.300000190734863,0.8500000000000001,0.8500000000000001
7.050000190734863,-8.550000190734863,0.873212459828649,0.873212459828649
7.0,-8.75,0.873212459828649,0.873212459828649
6.949999809265137,-8.949999809265137,0.8246211251235321,0.8246211251235321
6.900000095367432,-9.199999809265137,0.9013878188659974,0.9013878188659974
6.800000190734863,-9.399999618530273,0.8860022573334675,0.8860022573334675
6.699999809265137,-9.600000381469727,0.8500000000000001,0.8500000000000001
6.650000095367432,-9.800000190734863,0.9178779875342911,0.9178779875342911
6.5,-10.0,0.9300537618869138,0.9300537618869138
6.400000095367432,-10.199999809265137,0.9300537618869138,0.9300537618869138
6.25,-10.399999618530273,0.9178779875342911,0.9178779875342911
6.099999904632568,-10.600000381469727,0.890224690738243,0.890224690738243
6.0,-10.800000190734863,0.9013878188659974,0.9013878188659974
5.849999904632568,-11.0,0.9013878188659974,0.9013878188659974
5.699999809265137,-11.199999809265137,0.8602325267042628,0.8602325267042628
5.599999904632568,-11.399999618530273,0.890224690738243,0.890224690738243
5.449999809265137,-11.600000381469727,0.894427190999916,0.894427190999916
5.349999904632568,-11.800000190734863,0.9178779875342911,0.9178779875342911
5.199999809265137,-12.0,0.9013878188659974,0.9013878188659974
5.050000190734863,-12.199999809265137,0.9013878188659974,0.9013878188659974
4.949999809265137,-12.399999618530273,0.890224690738243,0.890224690738243
4.800000190734863,-12.600000381469727,0.9300537618869138,0.9300537618869138
4.699999809265137,-12.800000190734863,0.9178779875342911,0.9178779875342911
4.550000190734863,-13.0,0.9178779875342911,0.9178779875342911
4.400000095367432,-13.199999809265137,0.9013878188659974,0.9013878188659974
4.300000190734863,-13.399999618530273,0.9300537618869138,0.9300537618869138
4.150000095367432,-13.600000381469727,0.9300537618869138,0.9300537618869138
4.0,-13.800000190734863,0.9300537618869138,0.9300537618869138
3.9000000953674316,-14.0,0.9178779875342911,0.9178779875342911
3.75,-14.199999809265137,0.9178779875342911,0.9178779875342911
3.5999999046325684,-14.399999618530273,0.8602325267042628,0.8602325267042628
3.5,-14.600000381469727,0.9178779875342911,0.9178779875342911
3.3499999046325684,-14.800000190734863,0.9013878188659974,0.9013878188659974
3.200000047683716,-15.0,0.9300537618869138,0.9300537618869138
3.0999999046325684,-15.199999809265137,0.890224690738243,0.890224690738243
2.950000047683716,-15.350000381469727,0.9300537618869138,0.9300537618869138
2.8499999046325684,-15.550000190734863,0.9178779875342911,0.9178779875342911
2.700000047683716,-15.699999809265137,0.890224690738243,0.890224690738243
2.5999999046325684,-15.899999618530273,0.890224690738243,0.890224690738243
2.450000047683716,-16.049999237060547,0.890224690738243,0.890224690738243
2.299999952316284,-16.25,0.8845903006477066,0.8845903006477066
2.200000047683716,-16.450000762939453,0.9013878188659974,0.9013878188659974
2.049999952316284,-16.600000381469727,0.8845903006477066,0.8845903006477066
1.899999976158142,-16.799999237060547,0.8602325267042628,0.8602325267042628
1.75,-17.0,0.9300537618869138,0.9300537618869138
1.600000023841858,-17.200000762939453,0.9300537618869138,0.9300537618869138
1.4500000476837158,-17.399999618530273,0.9178779875342911,0.9178779875342911
1.2999999523162842,-17.600000381469727,0.9013878188659974,0.9013878188659974
1.149999976158142,-17.75,0.8845903006477066,0.8845903006477066
1.0,-17.950000762939453,0.9219544457292888,0.9219544457292888
0.8500000238418579,-18.149999618530273,0.9192388155425117,0.9192388155425117
0.699999988079071,-18.299999237060547,0.8845903006477066,0.8845903006477066
0.550000011920929,-18.450000762939453,0.9219544457292888,0.9219544457292888
0.3499999940395355,-18.600000381469727,0.9178779875342911,0.9178779875342911
0.15000000596046448,-18.75,0.9300537618869138,0.9300537618869138
-0.05000000074505806,-18.850000381469727,0.9178779875342911,0.9178779875342911
-0.25,-18.950000762939453,0.9178779875342911,0.9178779875342911
-0.44999998807907104,-19.049999237060547,0.873212459828649,0.873212459828649
-0.6499999761581421,-19.149999618530273,0.8860022573334675,0.8860022573334675
-0.8500000238418579,-19.200000762939453,0.8860022573334675,0.8860022573334675
-1.0499999523162842,-19.25,0.8860022573334675,0.8860022573334675
-1.25,-19.299999237060547,0.8381527307120106,0.8381527307120106
-1.4500000476837158,-19.299999237060547,0.8,0.8
-1.649999976158142,-19.350000381469727,0.8631338250816034,0.8631338250816034
-1.850000023841858,-19.350000381469727,0.8500000000000001,0.8500000000000001
-2.049999952316284,-19.399999618530273,0.8500000000000001,0.8500000000000001
-2.25,-19.399999618530273,0.8500000000000001,0.8500000000000001
-2.450000047683716,-19.399999618530273,0.8500000000000001,0.8500000000000001
-2.6500000953674316,-19.399999618530273,0.8500000000000001,0.8500000000000001
-2.9000000953674316,-19.399999618530273,0.8500000000000001,0.8500000000000001
-3.0999999046325684,-19.350000381469727,0.8514693182963202,0.8514693182963202
-3.299999952316284,-19.350000381469727,0.8860022573334675,0.8860022573334675
-3.5,-19.299999237060547,0.8139410298049854,0.8139410298049854
-3.700000047683716,-19.299999237060547,0.873212459828649,0.873212459828649
-3.9000000953674316,-19.25,0.9219544457292888,0.9219544457292888
-4.099999904632568,-19.200000762939453,0.9192388155425117,0.9192388155425117
-4.300000190734863,-19.149999618530273,0.9013878188659974,0.9013878188659974
-4.5,-19.049999237060547,0.873212459828649,0.873212459828649
-4.699999809265137,-19.0,0.9340770846134703,0.9340770846134703
-4.900000095367432,-18.899999618530273,0.894427190999916,0.894427190999916
-5.099999904632568,-18.799999237060547,0.873212459828649,0.873212459828649
-5.300000190734863,-18.700000762939453,0.9394147114027969,0.9394147114027969
-5.5,-18.600000381469727,0.9178779875342911,0.9178779875342911
-5.699999809265137,-18.5,0.9178779875342911,0.9178779875342911
-5.900000095367432,-18.399999618530273,0.9178779875342911,0.9178779875342911
-6.099999904632568,-18.299999237060547,0.9178779875342911,0.9178779875342911
-6.300000190734863,-18.149999618530273,0.9178779875342911,0.9178779875342911
-6.5,-18.049999237060547,0.9013878188659974,0.9013878188659974
-6.699999809265137,-17.899999618530273,0.8746427842267951,0.8746427842267951
-6.900000095367432,-17.799999237060547,0.9300537618869138,0.9300537618869138
-7.099999904632568,-17.649999618530273,0.8746427842267951,0.8746427842267951
-7.300000190734863,-17.549999237060547,0.9178779875342911,0.9178779875342911
-7.5,-17.450000762939453,0.9013878188659974,0.9013878188659974
-7.699999809265137,-17.299999237060547,0.890224690738243,0.890224690738243
-7.900000095367432,-17.200000762939453,0.890224690738243,0.890224690738243
-8.100000381469727,-17.049999237060547,0.9178779875342911,0.9178779875342911
-8.300000190734863,-16.950000762939453,0.890224690738243,0.890224690738243
-8.5,-16.799999237060547,0.890224690738243,0.890224690738243
-8.699999809265137,-16.700000762939453,0.9178779875342911,0.9178779875342911
-8.899999618530273,-16.549999237060547,0.8746427842267951,0.8746427842267951
-9.100000381469727,-16.450000762939453,0.894427190999916,0.894427190999916
-9.300000190734863,-16.350000381469727,0.8746427842267951,0.8746427842267951
-9.5,-16.200000762939453,0.9300537618869138,0.9300537618869138
-9.699999809265137,-16.100000381469727,0.9178779875342911,0.9178779875342911
-9.899999618530273,-15.949999809265137,0.890224690738243,0.890224690738243
-10.100000381469727,-15.850000381469727,0.890224690738243,0.890224690738243
-10.300000190734863,-15.699999809265137,0.9178779875342911,0.9178779875342911
-10.5,-15.600000381469727,0.9178779875342911,0.9178779875342911
-10.699999809265137,-15.449999809265137,0.8746427842267951,0.8746427842267951
-10.899999618530273,-15.350000381469727,0.9178779875342911,0.9178779875342911
-11.100000381469727,-15.199999809265137,0.9013878188659974,0.9013878188659974
-11.300000190734863,-15.100000381469727,0.894427190999916,0.894427190999916
-11.5,-15.0,0.9013878188659974,0.9013878188659974
-11.699999809265137,-14.850000381469727,0.9300537618869138,0.9300537618869138
-11.899999618530273,-14.75,0.9178779875342911,0.9178779875342911
-12.100000381469727,-14.600000381469727,0.9178779875342911,0.9178779875342911
-12.300000190734863,-14.5,0.890224690738243,0.890224690738243
-12.5,-14.350000381469727,0.9178779875342911,0.9178779875342911
-12.699999809265137,-14.25,0.9178779875342911,0.9178779875342911
-12.899999618530273,-14.100000381469727,0.9178779875342911,0.9178779875342911
-13.100000381469727,-14.0,0.9013878188659974,0.9013878188659974
-13.300000190734863,-13.899999618530273,0.9178779875342911,0.9178779875342911
-13.5,-13.75,0.9300537618869138,0.9300537618869138
-13.699999809265137,-13.649999618530273,0.9178779875342911,0.9178779875342911
-13.899999618530273,-13.5,0.9300537618869138,0.9300537618869138
-14.100000381469727,-13.399999618530273,0.9300537618869138,0.9300537618869138
-14.300000190734863,-13.25,0.9178779875342911,0.9178779875342911
-14.5,-13.149999618530273,0.9013878188659974,0.9013878188659974
-14.699999809265137,-13.0,0.9178779875342911,0.9178779875342911
-14.899999618530273,-12.899999618530273,0.894427190999916,0.894427190999916
-15.100000381469727,-12.800000190734863,0.890224690738243,0.890224690738243
-15.300000190734863,-12.649999618530273,0.9178779875342911,0.9178779875342911
-15.5,-12.550000190734863,0.9178779875342911,0.9178779875342911
-15.699999809265137,-12.399999618530273,0.890224690738243,0.890224690738243
-15.899999618530273,-12.300000190734863,0.9178779875342911,0.9178779875342911
-16.100000381469727,-12.149999618530273,0.9013878188659974,0.9013878188659974
-16.299999237060547,-12.050000190734863,0.9178779875342911,0.9178779875342911
-16.5,-11.949999809265137,0.9178779875342911,0.9178779875342911
-16.700000762939453,-11.800000190734863,0.9013878188659974,0.9013878188659974
-16.899999618530273,-11.699999809265137,0.9013878188659974,0.9013878188659974
-17.100000381469727,-11.550000190734863,0.9178779875342911,0.9178779875342911
-17.299999237060547,-11.449999809265137,0.9013878188659974,0.9013878188659974
-17.5,-11.300000190734863,0.9178779875342911,0.9178779875342911
-17.700000762939453,-11.199999809265137,0.9178779875342911,0.9178779875342911
-17.899999618530273,-11.100000381469727,0.9178779875342911,0.9178779875342911
-18.100000381469727,-10.949999809265137,0.9178779875342911,0.9178779875342911
-18.299999237060547,-10.850000381469727,0.9178779875342911,0.9178779875342911
-18.5,-10.699999809265137,0.8746427842267951,0.8746427842267951
-18.700000762939453,-10.600000381469727,0.894427190999916,0.894427190999916
-18.899999618530273,-10.5,0.9013878188659974,0.9013878188659974
-19.100000381469727,-10.350000381469727,0.9013878188659974,0.9013878188659974
-19.299999237060547,-10.25,0.9178779875342911,0.9178779875342911
-19.5,-10.100000381469727,0.9178779875342911,0.9178779875342911
-19.700000762939453,-10.0,0.894427190999916,0.894427190999916
-19.899999618530273,-9.899999618530273,0.9178779875342911,0.9178779875342911
-20.100000381469727,-9.75,0.9178779875342911,0.9178779875342911
-20.299999237060547,-9.649999618530273,0.9013878188659974,0.9013878188659974
-20.5,-9.5,0.9178779875342911,0.9178779875342911
-20.700000762939453,-9.399999618530273,0.9178779875342911,0.9178779875342911
-20.899999618530273,-9.300000190734863,0.9178779875342911,0.9178779875342911
-21.100000381469727,-9.149999618530273,0.9178779875342911,0.9178779875342911
-21.299999237060547,-9.050000190734863,0.9178779875342911,0.9178779875342911
-21.5,-8.899999618530273,0.8746427842267951,0.8746427842267951
-21.700000762939453,-8.800000190734863,0.9013878188659974,0.9013878188659974
-21.899999618530273,-8.699999809265137,0.9013878188659974,0.9013878188659974
-22.100000381469727,-8.550000190734863,0.9178779875342911,0.9178779875342911
-22.299999237060547,-8.449999809265137,0.894427190999916,0.894427190999916
-22.5,-8.350000381469727,0.9178779875342911,0.9178779875342911
-22.700000762939453,-8.199999809265137,0.9178779875342911,0.9178779875342911
-22.899999618530273,-8.100000381469727,0.9178779875342911,0.9178779875342911
-23.100000381469727,-7.949999809265137,0.894427190999916,0.894427190999916
-23.299999237060547,-7.849999904632568,0.890224690738243,0.890224690738243
-23.5,-7.75,0.9178779875342911,0.9178779875342911
-23.700000762939453,-7.599999904632568,0.9013878188659974,0.9013878188659974
-23.899999618530273,-7.5,0.9300537618869138,0.9300537618869138
-24.100000381469727,-7.400000095367432,0.890224690738243,0.890224690738243
-24.299999237060547,-7.25,0.9178779875342911,0.9178779875342911
-24.5,-7.150000095367432,0.9300537618869138,0.9300537618869138
-24.700000762939453,-7.050000190734863,0.890224690738243,0.890224690738243
-24.899999618530273,-6.900000095367432,0.9178779875342911,0.9178779875342911
-25.100000381469727,-6.800000190734863,0.9013878188659974,0.9013878188659974
-25.299999237060547,-6.699999809265137,0.9178779875342911,0.9178779875342911
-25.5,-6.550000190734863,0.9178779875342911,0.9178779875342911
-25.700000762939453,-6.449999809265137,0.9178779875342911,0.9178779875342911
-25.899999618530273,-6.349999904632568,0.9178779875342911,0.9178779875342911
-26.100000381469727,-6.199999809265137,0.9013878188659974,0.9013878188659974
-26.299999237060547,-6.150000095367432,0.894427190999916,0.894427190999916
-26.5,-6.099999904632568,0.9013878188659974,0.9013878188659974
-26.700000762939453,-6.050000190734863,0.8514693182963202,0.8514693182963202
-26.899999618530273,-6.0,0.9,0.9
-27.100000381469727,-6.050000190734863,0.8631338250816034,0.8631338250816034
-27.299999237060547,-6.099999904632568,0.9013878188659974,0.9013878188659974
-27.5,-6.150000095367432,0.9013878188659974,0.9013878188659974
-27.700000762939453,-6.300000190734863,0.9192388155425117,0.9192388155425117
-27.799999237060547,-6.5,0.8746427842267951,0.8746427842267951
-27.850000381469727,-6.699999809265137,0.9013878188659974,0.9013878188659974
-27.899999618530273,-6.900000095367432,0.8514693182963202,0.8514693182963202
-27.899999618530273,-7.150000095367432,0.8631338250816034,0.8631338250816034
-27.850000381469727,-7.349999904632568,0.9013878188659974,0.9013878188659974
-27.850000381469727,-7.550000190734863,0.8860022573334675,0.8860022573334675
-27.75,-7.75,0.9013878188659974,0.9013878188659974
-27.700000762939453,-7.949999809265137,0.9178779875342911,0.9178779875342911
-27.649999618530273,-8.149999618530273,0.9340770846134703,0.9340770846134703
-27.549999237060547,-8.350000381469727,0.9192388155425117,0.9192388155425117
-27.5,-8.550000190734863,0.9340770846134703,0.9340770846134703
-27.450000762939453,-8.75,0.873212459828649,0.873212459828649
-27.350000381469727,-8.949999809265137,0.9192388155425117,0.9192388155425117
-27.299999237060547,-9.149999618530273,0.9192388155425117,0.9192388155425117
-27.25,-9.350000381469727,0.9192388155425117,0.9192388155425117
-27.149999618530273,-9.550000190734863,0.9192388155425117,0.9192388155425117
-27.100000381469727,-9.75,0.8860022573334675,0.8860022573334675
-27.049999237060547,-9.949999809265137,0.9340770846134703,0.9340770846134703
-26.950000762939453,-10.149999618530273,0.9192388155425117,0.9192388155425117
-26.899999618530273,-10.350000381469727,0.9340770846134703,0.9340770846134703
-26.850000381469727,-10.550000190734863,0.873212459828649,0.873212459828649
-26.75,-10.75,0.9192388155425117,0.9192388155425117
-26.700000762939453,-10.949999809265137,0.9013878188659974,0.9013878188659974
-26.600000381469727,-11.149999618530273,0.9192388155425117,0.9192388155425117
-26.549999237060547,-11.350000381469727,0.9340770846134703,0.9340770846134703
-26.450000762939453,-11.550000190734863,0.9192388155425117,0.9192388155425117
-26.399999618530273,-11.75,0.9192388155425117,0.9192388155425117
-26.350000381469727,-11.949999809265137,0.894427190999916,0.894427190999916
-26.25,-12.149999618530273,0.9013878188659974,0.9013878188659974
-26.149999618530273,-12.350000381469727,0.894427190999916,0.894427190999916
-26.049999237060547,-12.550000190734863,0.9192388155425117,0.9192388155425117
-25.899999618530273,-12.699999809265137,0.890224690738243,0.890224690738243
-25.700000762939453,-12.800000190734863,0.9300537618869138,0.9300537618869138
-25.5,-12.899999618530273,0.873212459828649,0.873212459828649
-25.299999237060547,-13.0,0.9340770846134703,0.9340770846134703
-25.100000381469727,-13.050000190734863,0.9340770846134703,0.9340770846134703
-24.899999618530273,-13.149999618530273,0.894427190999916,0.894427190999916
-24.700000762939453,-13.199999809265137,0.8860022573334675,0.8860022573334675
-24.5,-13.300000190734863,0.9192388155425117,0.9192388155425117
-24.299999237060547,-13.350000381469727,0.9340770846134703,0.9340770846134703
-24.100000381469727,-13.449999809265137,0.9192388155425117,0.9192388155425117
-23.899999618530273,-13.5,0.9192388155425117,0.9192388155425117
-23.700000762939453,-13.600000381469727,0.9178779875342911,0.9178779875342911
-23.5,-13.699999809265137,0.890224690738243,0.890224690738243
-23.299999237060547,-13.800000190734863,0.9178779875342911,0.9178779875342911
-23.100000381469727,-13.949999809265137,0.9178779875342911,0.9178779875342911
-22.899999618530273,-14.100000381469727,0.9192388155425117,0.9192388155425117
-22.75,-14.25,0.9192388155425117,0.9192388155425117
-22.600000381469727,-14.449999809265137,0.9192388155425117,0.9192388155425117
-22.450000762939453,-14.600000381469727,0.9013878188659974,0.9013878188659974
-22.350000381469727,-14.800000190734863,0.8746427842267951,0.8746427842267951
-22.299999237060547,-15.0,0.873212459828649,0.873212459828649
-22.200000762939453,-15.199999809265137,0.873212459828649,0.873212459828649
-22.149999618530273,-15.399999618530273,0.9013878188659974,0.9013878188659974
-22.100000381469727,-15.600000381469727,0.8381527307120106,0.8381527307120106
-22.049999237060547,-15.800000190734863,0.9013878188659974,0.9013878188659974
-22.049999237060547,-16.049999237060547,0.8558621384311845,0.8558621384311845
-22.049999237060547,-16.25,0.8500000000000001,0.8500000000000001
-22.049999237060547,-16.450000762939453,0.873212459828649,0.873212459828649
-22.100000381469727,-16.649999618530273,0.8062257748298549,0.8062257748298549
-22.149999618530273,-16.850000381469727,0.873212459828649,0.873212459828649
-22.200000762939453,-17.100000381469727,0.8544003745317531,0.8544003745317531
-22.25,-17.299999237060547,0.9178779875342911,0.9178779875342911
-22.350000381469727,-17.5,0.873212459828649,0.873212459828649
-22.450000762939453,-17.700000762939453,0.8746427842267951,0.8746427842267951
-22.549999237060547,-17.899999618530273,0.9178779875342911,0.9178779875342911
-22.649999618530273,-18.100000381469727,0.9178779875342911,0.9178779875342911
-22.799999237060547,-18.25,0.9219544457292888,0.9219544457292888
-22.950000762939453,-18.450000762939453,0.9192388155425117,0.9192388155425117
-23.149999618530273,-18.600000381469727,0.9300537618869138,0.9300537618869138
-23.299999237060547,-18.75,0.9300537618869138,0.9300537618869138
-23.5,-18.850000381469727,0.9394147114027969,0.9394147114027969
-23.700000762939453,-18.950000762939453,0.894427190999916,0.894427190999916
-23.899999618530273,-19.049999237060547,0.873212459828649,0.873212459828649
-24.100000381469727,-19.149999618530273,0.873212459828649,0.873212459828649
-24.350000381469727,-19.200000762939453,0.873212459828649,0.873212459828649
-24.600000381469727,-19.200000762939453,0.8246211251235321,0.8246211251235321
-24.799999237060547,-19.25,0.8514693182963202,0.8514693182963202
-25.0,-19.25,0.8631338250816034,0.8631338250816034
-25.200000762939453,-19.25,0.9,0.9
-25.399999618530273,-19.200000762939453,0.8631338250816034,0.8631338250816034
-25.600000381469727,-19.200000762939453,0.912414379544733,0.912414379544733
-25.799999237060547,-19.149999618530273,0.8544003745317531,0.8544003745317531
-26.0,-19.100000381469727,0.9192388155425117,0.9192388155425117
-26.200000762939453,-19.049999237060547,0.9013878188659974,0.9013878188659974
-26.399999618530273,-19.0,0.9192388155425117,0.9192388155425117
-26.600000381469727,-18.899999618530273,0.894427190999916,0.894427190999916
-26.799999237060547,-18.850000381469727,0.9192388155425117,0.9192388155425117
-27.0,-18.799999237060547,0.9192388155425117,0.9192388155425117
-27.200000762939453,-18.700000762939453,0.9192388155425117,0.9192388155425117
-27.399999618530273,-18.649999618530273,0.9013878188659974,0.9013878188659974
-27.600000381469727,-18.549999237060547,0.9013878188659974,0.9013878188659974
-27.799999237060547,-18.5,0.9192388155425117,0.9192388155425117
-28.0,-18.399999618530273,0.873212459828649,0.873212459828649
-28.200000762939453,-18.350000381469727,0.9192388155425117,0.9192388155425117
-28.399999618530273,-18.299999237060547,0.9013878188659974,0.9013878188659974
-28.600000381469727,-18.200000762939453,0.9340770846134703,0.9340770846134703
-28.799999237060547,-18.149999618530273,0.8860022573334675,0.8860022573334675
-29.0,-18.100000381469727,0.9178779875342911,0.9178779875342911
-29.200000762939453,-18.0,0.9192388155425117,0.9192388155425117
-29.399999618530273,-17.950000762939453,0.9192388155425117,0.9192388155425117
-29.600000381469727,-17.850000381469727,0.9340770846134703,0.9340770846134703
-29.799999237060547,-17.799999237060547,0.8860022573334675,0.8860022573334675
-30.0,-17.75,0.9178779875342911,0.9178779875342911
-30.200000762939453,-17.649999618530273,0.9013878188659974,0.9013878188659974
-30.399999618530273,-17.600000381469727,0.9192388155425117,0.9192388155425117
-30.600000381469727,-17.5,0.9340770846134703,0.9340770846134703
-30.799999237060547,-17.450000762939453,0.9340770846134703,0.9340770846134703
-31.0,-17.350000381469727,0.9178779875342911,0.9178779875342911
-31.200000762939453,-17.299999237060547,0.9013878188659974,0.9013878188659974
-31.399999618530273,-17.200000762939453,0.9178779875342911,0.9178779875342911
-31.600000381469727,-17.149999618530273,0.9013878188659974,0.9013878188659974
-31.799999237060547,-17.049999237060547,0.873212459828649,0.873212459828649
-32.0,-17.0,0.9192388155425117,0.9192388155425117
-32.20000076293945,-16.950000762939453,0.8860022573334675,0.8860022573334675
-32.400001525878906,-16.850000381469727,0.9192388155425117,0.9192388155425117
-32.599998474121094,-16.75,0.9192388155425117,0.9192388155425117
-32.79999923706055,-16.649999618530273,0.8544003745317531,0.8544003745317531
-33.0,-16.600000381469727,0.9394147114027969,0.9394147114027969
-33.20000076293945,-16.5,0.9013878188659974,0.9013878188659974
-33.349998474121094,-16.350000381469727,0.890224690738243,0.890224690738243
-33.5,-16.200000762939453,0.890224690738243,0.890224690738243
-33.54999923706055,-16.0,0.8276472678623424,0.8276472678623424
-33.599998474121094,-15.800000190734863,0.8139410298049854,0.8139410298049854
-33.650001525878906,-15.600000381469727,0.9,0.9
-33.70000076293945,-15.399999618530273,0.9500000000000001,0.9500000000000001
-33.75,-15.199999809265137,0.9500000000000001,0.9500000000000001
-33.70000076293945,-15.0,0.9219544457292888,0.9219544457292888
-33.70000076293945,-14.75,0.9,0.9
-33.70000076293945,-14.5,0.9,0.9
-33.70000076293945,-14.25,0.8514693182963202,0.8514693182963202
-33.650001525878906,-14.050000190734863,0.9,0.9
-33.650001525878906,-13.800000190734863,0.8558621384311845,0.8558621384311845
-33.599998474121094,-13.600000381469727,0.9340770846134703,0.9340770846134703
-33.599998474121094,-13.399999618530273,0.912414379544733,0.912414379544733
-33.54999923706055,-13.199999809265137,0.9340770846134703,0.9340770846134703
-33.54999923706055,-12.949999809265137,0.912414379544733,0.912414379544733
-33.5,-12.75,0.912414379544733,0.912414379544733
-33.5,-12.5,0.9219544457292888,0.9219544457292888
-33.45000076293945,-12.300000190734863,0.9,0.9
-33.45000076293945,-12.050000190734863,0.873212459828649,0.873212459828649
-33.400001525878906,-11.850000381469727,0.9,0.9
-33.400001525878906,-11.649999618530273,0.873212459828649,0.873212459828649
-33.349998474121094,-11.399999618530273,0.9219544457292888,0.9219544457292888
-33.349998474121094,-11.149999618530273,0.912414379544733,0.912414379544733
-33.349998474121094,-10.899999618530273,0.9,0.9
-33.349998474121094,-10.649999618530273,0.8558621384311845,0.8558621384311845
-33.29999923706055,-10.449999809265137,0.9,0.9
-33.29999923706055,-10.199999809265137,0.9,0.9
-33.349998474121094,-10.0,0.8631338250816034,0.8631338250816034
-33.400001525878906,-9.800000190734863,0.8276472678623424,0.8276472678623424
-33.45000076293945,-9.600000381469727,0.890224690738243,0.890224690738243
-33.54999923706055,-9.399999618530273,0.9848857801796105,0.9848857801796105
-33.75,-9.300000190734863,0.9433981132056604,0.9433981132056604
-33.95000076293945,-9.25,0.8860022573334675,0.8860022573334675
-34.150001525878906,-9.149999618530273,0.9,0.9
-34.349998474121094,-9.100000381469727,0.9,0.9
-34.54999923706055,-9.050000190734863,0.8631338250816034,0.8631338250816034
-34.75,-9.0,0.873212459828649,0.873212459828649
-34.95000076293945,-8.899999618530273,0.8602325267042628,0.8602325267042628
-35.150001525878906,-8.800000190734863,0.9192388155425117,0.9192388155425117
-35.25,-8.600000381469727,0.8746427842267951,0.8746427842267951
-35.29999923706055,-8.399999618530273,0.8246211251235321,0.8246211251235321
-35.349998474121094,-8.199999809265137,0.8500000000000001,0.8500000000000001
-35.400001525878906,-8.0,0.9500000000000001,0.9500000000000001
-35.45000076293945,-7.800000190734863,0.9,0.9
-35.45000076293945,-7.599999904632568,0.9,0.9
-35.45000076293945,-7.349999904632568,0.9,0.9
-35.45000076293945,-7.099999904632568,0.8631338250816034,0.8631338250816034
-35.45000076293945,-6.849999904632568,0.8500000000000001,0.8500000000000001
-35.400001525878906,-6.650000095367432,0.9,0.9
-35.400001525878906,-6.449999809265137,0.9,0.9
-35.400001525878906,-6.199999809265137,0.9,0.9
-35.400001525878906,-5.949999809265137,0.873212459828649,0.873212459828649
-35.400001525878906,-5.699999809265137,0.8500000000000001,0.8500000000000001
-35.349998474121094,-5.5,0.9340770846134703,0.9340770846134703
-35.349998474121094,-5.25,0.9500000000000001,0.9500000000000001
-35.349998474121094,-5.0,0.9500000000000001,0.9500000000000001
-35.29999923706055,-4.800000190734863,0.9,0.9
-35.29999923706055,-4.599999904632568,0.9055385138137417,0.9055385138137417
-35.29999923706055,-4.349999904632568,0.9500000000000001,0.9500000000000001
-35.25,-4.150000095367432,0.9013878188659974,0.9013878188659974
-35.25,-3.950000047683716,0.9340770846134703,0.9340770846134703
-35.20000076293945,-3.75,0.912414379544733,0.912414379544733
-35.150001525878906,-3.549999952316284,0.9013878188659974,0.9013878188659974
-35.099998474121094,-3.3499999046325684,0.9486832980505139,0.9486832980505139
-35.04999923706055,-3.1500000953674316,0.9486832980505139,0.9486832980505139
-34.95000076293945,-2.950000047683716,0.9192388155425117,0.9192388155425117
-34.900001525878906,-2.75,0.894427190999916,0.894427190999916
-34.79999923706055,-2.549999952316284,0.9178779875342911,0.9178779875342911
-34.70000076293945,-2.3499999046325684,0.8500000000000001,0.8500000000000001
-34.54999923706055,-2.1500000953674316,0.9300537618869138,0.9300537618869138
-34.400001525878906,-1.9500000476837158,0.9013878188659974,0.9013878188659974
-34.25,-1.75,0.9300537618869138,0.9300537618869138
-34.099998474121094,-1.5499999523162842,0.8845903006477066,0.8845903006477066
-33.95000076293945,-1.399999976158142,0.848528137423857,0.848528137423857
-33.75,-1.25,0.9433981132056604,0.9433981132056604
-33.599998474121094,-1.100000023841858,0.9192388155425117,0.9192388155425117
-33.400001525878906,-0.949999988079071,0.8514693182963202,0.8514693182963202
-33.20000076293945,-0.800000011920929,0.890224690738243,0.890224690738243
-33.0,-0.699999988079071,0.9013878188659974,0.9013878188659974
-32.79999923706055,-0.550000011920929,0.9178779875342911,0.9178779875342911
-32.599998474121094,-0.44999998807907104,0.873212459828649,0.873212459828649
-32.400001525878906,-0.3499999940395355,0.8500000000000001,0.8500000000000001
-32.20000076293945,-0.30000001192092896,0.9340770846134703,0.9340770846134703
-32.0,-0.25,0.9013878188659974,0.9013878188659974
-31.799999237060547,-0.15000000596046448,0.9340770846134703,0.9340770846134703
-31.549999237060547,-0.15000000596046448,0.873212459828649,0.873212459828649
-31.350000381469727,-0.10000000149011612,0.9013878188659974,0.9013878188659974
-31.149999618530273,-0.10000000149011612,0.8558621384311845,0.8558621384311845
-30.950000762939453,-0.05000000074505806,0.9,0.9
-30.75,-0.05000000074505806,0.9,0.9
-30.549999237060547,3.552713678800501e-15,0.9,0.9
-30.299999237060547,3.552713678800501e-15,0.9,0.9
-30.049999237060547,3.552713678800501e-15,0.9,0.9
-29.799999237060547,3.552713678800501e-15,0.9,0.9
-29.549999237060547,3.552713678800501e-15,0.9,0.9
-29.299999237060547,3.552713678800501e-15,0.9,0.9
-29.049999237060547,3.552713678800501e-15,0.9,0.9
-28.799999237060547,3.552713678800501e-15,0.9,0.9
-28.549999237060547,3.552713678800501e-15,0.9,0.9
-28.299999237060547,3.552713678800501e-15,0.9,0.9
-28.049999237060547,3.552713678800501e-15,0.9,0.9
-27.799999237060547,3.552713678800501e-15,0.9,0.9
-27.549999237060547,3.552713678800501e-15,0.9,0.9
-27.299999237060547,3.552713678800501e-15,0.9,0.9
-27.049999237060547,3.552713678800501e-15,0.9,0.9
-26.799999237060547,3.552713678800501e-15,0.9,0.9
-26.549999237060547,3.552713678800501e-15,0.9,0.9
-26.299999237060547,3.552713678800501e-15,0.9,0.9
-26.049999237060547,3.552713678800501e-15,0.9,0.9
-25.799999237060547,3.552713678800501e-15,0.9,0.9
-25.549999237060547,3.552713678800501e-15,0.9,0.9
-25.299999237060547,3.552713678800501e-15,0.9,0.9
-25.049999237060547,3.552713678800501e-15,0.9,0.9
-24.799999237060547,3.552713678800501e-15,0.9,0.9
-24.549999237060547,3.552713678800501e-15,0.9,0.9
-24.299999237060547,3.552713678800501e-15,0.9,0.9
-24.049999237060547,3.552713678800501e-15,0.9,0.9
-23.799999237060547,3.552713678800501e-15,0.9,0.9
-23.549999237060547,3.552713678800501e-15,0.9,0.9
-23.299999237060547,3.552713678800501e-15,0.9,0.9
-23.049999237060547,3.552713678800501e-15,0.9,0.9
-22.799999237060547,3.552713678800501e-15,0.9,0.9
-22.549999237060547,3.552713678800501e-15,0.9,0.9
-22.299999237060547,3.552713678800501e-15,0.9,0.9
-22.049999237060547,3.552713678800501e-15,0.9,0.9
-21.799999237060547,3.552713678800501e-15,0.9,0.9
-21.549999237060547,3.552713678800501e-15,0.9,0.9
-21.299999237060547,3.552713678800501e-15,0.9,0.9
-21.049999237060547,3.552713678800501e-15,0.9,0.9
-20.799999237060547,3.552713678800501e-15,0.9,0.9
-20.549999237060547,3.552713678800501e-15,0.9,0.9
-20.299999237060547,3.552713678800501e-15,0.9,0.9
-20.049999237060547,3.552713678800501e-15,0.9,0.9
-19.799999237060547,3.552713678800501e-15,0.9,0.9
-19.549999237060547,3.552713678800501e-15,0.9,0.9
-19.299999237060547,3.552713678800501e-15,0.9,0.9
-19.049999237060547,3.552713678800501e-15,0.9,0.9
-18.799999237060547,3.552713678800501e-15,0.9,0.9
-18.549999237060547,3.552713678800501e-15,0.9,0.9
-18.299999237060547,3.552713678800501e-15,0.9,0.9
-18.049999237060547,3.552713678800501e-15,0.9,0.9
-17.799999237060547,3.552713678800501e-15,0.9,0.9
-17.549999237060547,3.552713678800501e-15,0.9,0.9
-17.299999237060547,3.552713678800501e-15,0.9,0.9
-17.049999237060547,3.552713678800501e-15,0.8631338250816034,0.8631338250816034
-16.799999237060547,3.552713678800501e-15,0.8500000000000001,0.8500000000000001
-16.549999237060547,3.552713678800501e-15,0.8500000000000001,0.8500000000000001
-16.299999237060547,3.552713678800501e-15,0.8500000000000001,0.8500000000000001
-16.049999237060547,3.552713678800501e-15,0.8500000000000001,0.8500000000000001
-15.850000381469727,-0.05000000074505806,0.9500000000000001,0.9500000000000001
-15.649999618530273,-0.05000000074505806,0.9500000000000001,0.9500000000000001
-15.399999618530273,-0.05000000074505806,0.9500000000000001,0.9500000000000001
-15.149999618530273,-0.05000000074505806,0.9500000000000001,0.9500000000000001
-14.899999618530273,-0.05000000074505806,0.9500000000000001,0.9500000000000001
-14.649999618530273,-0.05000000074505806,0.9500000000000001,0.9500000000000001
-14.399999618530273,-0.05000000074505806,0.9500000000000001,0.9500000000000001
-14.149999618530273,-0.05000000074505806,0.9500000000000001,0.9500000000000001
-13.899999618530273,-0.05000000074505806,0.9500000000000001,0.9500000000000001
-13.649999618530273,-0.05000000074505806,0.9500000000000001,0.9500000000000001
-13.399999618530273,-0.05000000074505806,0.9500000000000001,0.9500000000000001
-13.149999618530273,-0.05000000074505806,0.9500000000000001,0.9500000000000001
-12.899999618530273,-0.05000000074505806,0.9500000000000001,0.9500000000000001
-12.649999618530273,-0.05000000074505806,0.9500000000000001,0.9500000000000001
-12.399999618530273,-0.05000000074505806,0.9500000000000001,0.9500000000000001
-12.149999618530273,-0.05000000074505806,0.9500000000000001,0.9500000000000001
-11.899999618530273,-0.05000000074505806,0.9500000000000001,0.9500000000000001
-11.649999618530273,-0.05000000074505806,0.9500000000000001,0.9500000000000001
-11.399999618530273,-0.05000000074505806,0.9500000000000001,0.9500000000000001
-11.149999618530273,-0.05000000074505806,0.9500000000000001,0.9500000000000001
-10.899999618530273,-0.05000000074505806,0.9500000000000001,0.9500000000000001
-10.649999618530273,-0.05000000074505806,0.9500000000000001,0.9500000000000001
-10.399999618530273,-0.05000000074505806,0.9500000000000001,0.9500000000000001
-10.149999618530273,-0.05000000074505806,0.9500000000000001,0.9500000000000001
-9.899999618530273,-0.05000000074505806,0.9500000000000001,0.9500000000000001
-9.649999618530273,-0.05000000074505806,0.9500000000000001,0.9500000000000001
-9.399999618530273,-0.05000000074505806,0.9500000000000001,0.9500000000000001
-9.149999618530273,-0.05000000074505806,0.9500000000000001,0.9500000000000001
-8.899999618530273,-0.05000000074505806,0.9500000000000001,0.9500000000000001
-8.649999618530273,-0.05000000074505806,0.9500000000000001,0.9500000000000001
-8.399999618530273,-0.05000000074505806,0.9500000000000001,0.9500000000000001
-8.149999618530273,-0.05000000074505806,0.9500000000000001,0.9500000000000001
-7.900000095367432,-0.05000000074505806,0.9500000000000001,0.9500000000000001
-7.699999809265137,-0.05000000074505806,0.9500000000000001,0.9500000000000001
-7.449999809265137,-0.05000000074505806,0.9500000000000001,0.9500000000000001
-7.199999809265137,-0.05000000074505806,0.9500000000000001,0.9500000000000001
-6.949999809265137,-0.05000000074505806,0.9500000000000001,0.9500000000000001
-6.75,3.552713678800501e-15,0.8500000000000001,0.8500000000000001
-6.5,3.552713678800501e-15,0.8500000000000001,0.8500000000000001
-6.25,3.552713678800501e-15,0.8500000000000001,0.8500000000000001
-6.0,3.552713678800501e-15,0.8500000000000001,0.8500000000000001
-5.75,3.552713678800501e-15,0.8558621384311845,0.8558621384311845
-5.5,3.552713678800501e-15,0.9,0.9
-5.25,3.552713678800501e-15,0.9,0.9
-5.0,3.552713678800501e-15,0.9,0.9
-4.75,3.552713678800501e-15,0.9,0.9
-4.5,3.552713678800501e-15,0.9,0.9
-4.25,3.552713678800501e-15,0.9,0.9
-4.0,3.552713678800501e-15,0.9,0.9
-3.799999952316284,3.552713678800501e-15,0.9,0.9
-3.5999999046325684,3.552713678800501e-15,0.9,0.9
-3.3499999046325684,3.552713678800501e-15,0.9,0.9
-3.0999999046325684,3.552713678800501e-15,0.9,0.9
-2.8499999046325684,3.552713678800501e-15,0.9,0.9
-2.5999999046325684,3.552713678800501e-15,0.9,0.9
-2.3499999046325684,3.552713678800501e-15,0.9,0.9
-2.0999999046325684,3.552713678800501e-15,0.9,0.9
-1.850000023841858,3.552713678800501e-15,0.9,0.9
-1.649999976158142,3.552713678800501e-15,0.9,0.9
-1.399999976158142,3.552713678800501e-15,0.9,0.9
-1.149999976158142,3.552713678800501e-15,0.9,0.9
-0.8999999761581421,3.552713678800501e-15,0.9,0.9
-0.6499999761581421,3.552713678800501e-15,0.9,0.9
-0.4000000059604645,3.552713678800501e-15,0.9,0.9
-0.20000000298023224,3.552713678800501e-15,0.9,0.9
